{
  "results": [
    {
      "command": "./bin/yuku_antd",
      "mean": 0.0628014502511111,
      "stddev": 0.000515180331626597,
      "median": 0.06273177174,
      "user": 0.0508148311111111,
      "system": 0.011941539999999999,
      "min": 0.062046178740000006,
      "max": 0.06496710974,
      "times": [
        0.06496710974,
        0.06303077474,
        0.06286181873999999,
        0.06297471074,
        0.06256520373999999,
        0.06284743674,
        0.06264318574,
        0.06323717774,
        0.06273177174,
        0.06272837474,
        0.06275542574,
        0.06293426074,
        0.06272111174,
        0.06242261374,
        0.062186129740000005,
        0.06271700474,
        0.06243210974,
        0.06266234174,
        0.062305042740000004,
        0.06262931974,
        0.06251285174,
        0.06281571874,
        0.06256664274,
        0.06275962373999999,
        0.062046178740000006,
        0.06268948274,
        0.06274110874,
        0.06232862674000001,
        0.062389991740000005,
        0.06226847474,
        0.06248015074000001,
        0.06255004073999999,
        0.06288404673999999,
        0.06333270674,
        0.062489257740000005,
        0.06256477874,
        0.06294123373999999,
        0.06287071174,
        0.06293713574,
        0.06328957573999999,
        0.06460612074,
        0.06277899974,
        0.06302954974,
        0.06290960474,
        0.06292972274
      ],
      "memory_usage_byte": [
        31928320,
        31928320,
        31928320,
        31928320,
        31928320,
        31928320,
        31928320,
        31928320,
        31928320,
        31928320,
        31928320,
        31928320,
        31928320,
        31928320,
        31928320,
        31928320,
        31928320,
        31928320,
        31928320,
        31928320,
        31928320,
        31928320,
        31928320,
        31928320,
        31928320,
        31928320,
        31928320,
        31928320,
        31928320,
        31928320,
        31928320,
        31928320,
        31928320,
        31928320,
        31928320,
        31928320,
        31928320,
        31928320,
        31928320,
        31928320,
        31928320,
        31928320,
        31928320,
        31928320,
        31928320
      ],
      "exit_codes": [
        0,
        0,
        0,
        0,
        0,
        0,
        0,
        0,
        0,
        0,
        0,
        0,
        0,
        0,
        0,
        0,
        0,
        0,
        0,
        0,
        0,
        0,
        0,
        0,
        0,
        0,
        0,
        0,
        0,
        0,
        0,
        0,
        0,
        0,
        0,
        0,
        0,
        0,
        0,
        0,
        0,
        0,
        0,
        0,
        0
      ]
    },
    {
      "command": "./bin/oxc_antd",
      "mean": 0.061348230031666666,
      "stddev": 0.0008602750292193143,
      "median": 0.061082628740000006,
      "user": 0.04255261999999999,
      "system": 0.01868763583333333,
      "min": 0.06024023674,
      "max": 0.06427991474,
      "times": [
        0.06105920074000001,
        0.061521014740000005,
        0.06156224274,
        0.06125793174000001,
        0.06106581274,
        0.06109944474,
        0.061346156740000005,
        0.061468807740000006,
        0.06084527974,
        0.061230279740000004,
        0.06130644274,
        0.06068423774000001,
        0.06427991474,
        0.06098207574,
        0.06221863574000001,
        0.06073609574,
        0.06093677074000001,
        0.061742117740000005,
        0.061051635740000006,
        0.060699716740000006,
        0.06144456074,
        0.060981503740000005,
        0.06062585874,
        0.061584172740000005,
        0.061168254740000004,
        0.061493172740000004,
        0.061026258740000006,
        0.061005419740000004,
        0.06204542674,
        0.06113283774,
        0.06086732074,
        0.06054684074,
        0.06162631174,
        0.06105611474000001,
        0.06096822474000001,
        0.06373070173999999,
        0.06344146973999999,
        0.06152926974,
        0.06261421074,
        0.06340810774,
        0.06066141674,
        0.06072072674,
        0.060558572740000004,
        0.061141333740000005,
        0.060644523740000005,
        0.06104046474,
        0.06031791274000001,
        0.06024023674
      ],
      "memory_usage_byte": [
        42971136,
        42971136,
        42971136,
        42971136,
        42971136,
        42971136,
        42971136,
        42971136,
        42971136,
        42971136,
        42971136,
        42971136,
        42971136,
        42971136,
        42971136,
        42971136,
        42971136,
        42971136,
        42971136,
        42971136,
        42971136,
        42971136,
        42971136,
        42971136,
        42971136,
        42971136,
        42971136,
        42971136,
        42971136,
        42971136,
        42971136,
        42971136,
        42971136,
        42971136,
        42971136,
        42971136,
        42971136,
        42971136,
        42971136,
        42971136,
        42971136,
        42971136,
        42971136,
        42971136,
        42971136,
        42971136,
        42971136,
        42971136
      ],
      "exit_codes": [
        0,
        0,
        0,
        0,
        0,
        0,
        0,
        0,
        0,
        0,
        0,
        0,
        0,
        0,
        0,
        0,
        0,
        0,
        0,
        0,
        0,
        0,
        0,
        0,
        0,
        0,
        0,
        0,
        0,
        0,
        0,
        0,
        0,
        0,
        0,
        0,
        0,
        0,
        0,
        0,
        0,
        0,
        0,
        0,
        0,
        0,
        0,
        0
      ]
    },
    {
      "command": "./bin/swc_antd",
      "mean": 0.12815103726173915,
      "stddev": 0.0015016677601113113,
      "median": 0.12791349374000002,
      "user": 0.09649568521739131,
      "system": 0.03159091391304348,
      "min": 0.12576176574,
      "max": 0.13212801374000002,
      "times": [
        0.12710367774,
        0.12726786574,
        0.12576176574,
        0.12789870574,
        0.13076249774,
        0.12685559274000002,
        0.12743402674,
        0.12791349374000002,
        0.12828313574000003,
        0.12851173374000002,
        0.12807175074000002,
        0.12773501974,
        0.12796425874,
        0.13088698074000002,
        0.12967025274000002,
        0.12882681374000002,
        0.13212801374000002,
        0.12805127174000003,
        0.12725016174,
        0.12826305774000002,
        0.12775847374000002,
        0.12690510574000002,
        0.12617020074000002
      ],
      "memory_usage_byte": [
        70598656,
        70598656,
        70598656,
        70598656,
        70598656,
        70598656,
        70598656,
        70598656,
        70598656,
        70598656,
        70598656,
        70598656,
        70598656,
        70598656,
        70598656,
        70598656,
        70598656,
        70598656,
        70598656,
        70598656,
        70598656,
        70598656,
        70598656
      ],
      "exit_codes": [
        0,
        0,
        0,
        0,
        0,
        0,
        0,
        0,
        0,
        0,
        0,
        0,
        0,
        0,
        0,
        0,
        0,
        0,
        0,
        0,
        0,
        0,
        0
      ]
    }
  ]
}
