{
  "results": [
    {
      "command": "./bin/yuku_antd",
      "mean": 0.06050742337333332,
      "stddev": 0.0017882655004197638,
      "median": 0.06005436354,
      "user": 0.04783386,
      "system": 0.012611865833333333,
      "min": 0.059695334540000006,
      "max": 0.07203693954000001,
      "times": [
        0.060738234540000005,
        0.07203693954000001,
        0.06060462254000001,
        0.06128133454,
        0.061716352540000005,
        0.06038916954,
        0.06017706954,
        0.06061256754,
        0.06023290454000001,
        0.05994377054,
        0.05992523554,
        0.06014834554,
        0.06018027554,
        0.059914897540000005,
        0.05995781754000001,
        0.06006096054000001,
        0.05971126454,
        0.060074676540000004,
        0.060011407540000006,
        0.05976715954,
        0.059752731540000006,
        0.05989180354,
        0.059903745540000004,
        0.05984686954000001,
        0.059695334540000006,
        0.059782698540000005,
        0.05985022554,
        0.059949662540000004,
        0.05993307054,
        0.05981877654000001,
        0.05982499854000001,
        0.060363469540000006,
        0.060166690540000005,
        0.05994045454000001,
        0.05982918554,
        0.060047766540000005,
        0.06014638154,
        0.061058014540000004,
        0.060829365540000006,
        0.06111361054,
        0.060510446540000005,
        0.059921828540000006,
        0.06018716854,
        0.06118436354,
        0.061017239540000004,
        0.060003472540000005,
        0.06225807154,
        0.06004386954
      ],
      "memory_usage_byte": [
        31932416,
        31932416,
        31932416,
        31932416,
        31932416,
        31932416,
        31932416,
        31932416,
        31932416,
        31932416,
        31932416,
        31932416,
        31932416,
        31932416,
        31932416,
        31932416,
        31932416,
        31932416,
        31932416,
        31932416,
        31932416,
        31932416,
        31932416,
        31932416,
        31932416,
        31932416,
        31932416,
        31932416,
        31932416,
        31932416,
        31932416,
        31932416,
        31932416,
        31932416,
        31932416,
        31932416,
        31932416,
        31932416,
        31932416,
        31932416,
        31932416,
        31932416,
        31932416,
        31932416,
        31932416,
        31932416,
        31932416,
        31932416
      ],
      "exit_codes": [
        0,
        0,
        0,
        0,
        0,
        0,
        0,
        0,
        0,
        0,
        0,
        0,
        0,
        0,
        0,
        0,
        0,
        0,
        0,
        0,
        0,
        0,
        0,
        0,
        0,
        0,
        0,
        0,
        0,
        0,
        0,
        0,
        0,
        0,
        0,
        0,
        0,
        0,
        0,
        0,
        0,
        0,
        0,
        0,
        0,
        0,
        0,
        0
      ]
    },
    {
      "command": "./bin/oxc_antd",
      "mean": 0.06185676439416667,
      "stddev": 0.00029813812335774154,
      "median": 0.06186425554,
      "user": 0.04422458916666666,
      "system": 0.0175781575,
      "min": 0.06113442854000001,
      "max": 0.06273897454,
      "times": [
        0.061740475540000006,
        0.06189957654,
        0.06178588354,
        0.06166227054,
        0.06167371254,
        0.06221837554000001,
        0.061570588540000006,
        0.061293787540000005,
        0.06200160854,
        0.06113442854000001,
        0.06141736954,
        0.061662551540000006,
        0.06205561054,
        0.06164766354,
        0.06186196554000001,
        0.061862156540000005,
        0.06176504454,
        0.06186635454,
        0.06199078854000001,
        0.06211754554,
        0.061994856540000004,
        0.06215867354,
        0.061433049540000007,
        0.061612537540000005,
        0.06231851454000001,
        0.062400808540000005,
        0.06142975354000001,
        0.061967353540000006,
        0.061852108540000006,
        0.06197886454,
        0.061827641540000006,
        0.06193536454000001,
        0.061582069540000006,
        0.06151749854000001,
        0.06185216754,
        0.06209998354,
        0.061691254540000004,
        0.061574556540000006,
        0.06187458954000001,
        0.06200818054,
        0.062176198540000005,
        0.06273897454,
        0.06199186954000001,
        0.06195868754,
        0.06209022554,
        0.061624600540000005,
        0.062177308540000004,
        0.06202924154
      ],
      "memory_usage_byte": [
        42975232,
        42975232,
        42975232,
        42975232,
        42975232,
        42975232,
        42975232,
        42975232,
        42975232,
        42975232,
        42975232,
        42975232,
        42975232,
        42975232,
        42975232,
        42975232,
        42975232,
        42975232,
        42975232,
        42975232,
        42975232,
        42975232,
        42975232,
        42975232,
        42975232,
        42975232,
        42975232,
        42975232,
        42975232,
        42975232,
        42975232,
        42975232,
        42975232,
        42975232,
        42975232,
        42975232,
        42975232,
        42975232,
        42975232,
        42975232,
        42975232,
        42975232,
        42975232,
        42975232,
        42975232,
        42975232,
        42975232,
        42975232
      ],
      "exit_codes": [
        0,
        0,
        0,
        0,
        0,
        0,
        0,
        0,
        0,
        0,
        0,
        0,
        0,
        0,
        0,
        0,
        0,
        0,
        0,
        0,
        0,
        0,
        0,
        0,
        0,
        0,
        0,
        0,
        0,
        0,
        0,
        0,
        0,
        0,
        0,
        0,
        0,
        0,
        0,
        0,
        0,
        0,
        0,
        0,
        0,
        0,
        0,
        0
      ]
    },
    {
      "command": "./bin/swc_antd",
      "mean": 0.13079411940363636,
      "stddev": 0.0009897868058678719,
      "median": 0.13089799304,
      "user": 0.09890590545454545,
      "system": 0.0318078109090909,
      "min": 0.12916856154,
      "max": 0.13229930754000002,
      "times": [
        0.13173077954,
        0.13105033954,
        0.12948463654,
        0.13168988154,
        0.12970074254,
        0.12916856154,
        0.12963488854000002,
        0.12960085554,
        0.13044907954,
        0.13021052054,
        0.13166771054,
        0.13229894754000002,
        0.13229930754000002,
        0.13160987154,
        0.13074564654,
        0.12963964754,
        0.13060316954,
        0.13136958954,
        0.13143915054000002,
        0.12998751154000002,
        0.13185503254,
        0.13123475654
      ],
      "memory_usage_byte": [
        70643712,
        70643712,
        70643712,
        70643712,
        70643712,
        70643712,
        70643712,
        70643712,
        70643712,
        70643712,
        70643712,
        70643712,
        70643712,
        70643712,
        70643712,
        70643712,
        70643712,
        70643712,
        70643712,
        70643712,
        70643712,
        70643712
      ],
      "exit_codes": [
        0,
        0,
        0,
        0,
        0,
        0,
        0,
        0,
        0,
        0,
        0,
        0,
        0,
        0,
        0,
        0,
        0,
        0,
        0,
        0,
        0,
        0
      ]
    }
  ]
}
