{
  "results": [
    {
      "command": "./bin/yuku_antd",
      "mean": 0.024095728141034483,
      "stddev": 0.004526628523554329,
      "median": 0.022782000460000004,
      "user": 0.0209703275862069,
      "system": 0.0018985641379310346,
      "min": 0.020408001460000005,
      "max": 0.05049791746000001,
      "times": [
        0.022531125460000002,
        0.021730792460000002,
        0.025579709460000002,
        0.02580150146,
        0.02267437646,
        0.022339584460000006,
        0.021804959460000002,
        0.022076626460000005,
        0.021473917460000005,
        0.02153166746,
        0.02120391746,
        0.020780209460000004,
        0.020581000460000005,
        0.020408001460000005,
        0.020467376460000006,
        0.020694917460000004,
        0.020547001460000006,
        0.02054666746,
        0.020577375460000005,
        0.02058612546,
        0.02055375046,
        0.02060400046,
        0.02086129246,
        0.021793250460000003,
        0.026447667460000004,
        0.023610500460000003,
        0.04681000046000001,
        0.023703083460000003,
        0.021755875460000004,
        0.02578729246,
        0.025738875460000005,
        0.02546129246,
        0.022420876460000003,
        0.02447233446,
        0.02248033346,
        0.021695417460000005,
        0.02189112546,
        0.02163100046,
        0.021481542460000003,
        0.021300959460000005,
        0.02106120946,
        0.02072845946,
        0.024531334460000005,
        0.02712700146,
        0.030964375460000006,
        0.025028334460000003,
        0.027851584460000002,
        0.024108959460000003,
        0.040185917460000005,
        0.024258083460000003,
        0.025104250460000005,
        0.02643429246,
        0.024341500460000005,
        0.02384166746,
        0.024025750460000002,
        0.02471358446,
        0.029881001460000008,
        0.023561417460000005,
        0.02348195846,
        0.02225966746,
        0.022349959460000006,
        0.02225400046,
        0.02216237646,
        0.02444129246,
        0.025762209460000005,
        0.023429917460000005,
        0.02294304246,
        0.023110208460000004,
        0.022696334460000002,
        0.022324125460000004,
        0.02357087546,
        0.022188500460000003,
        0.02256954246,
        0.022618209460000004,
        0.022364333460000003,
        0.023053875460000005,
        0.022268167460000002,
        0.022307083460000002,
        0.02374904246,
        0.023592500460000006,
        0.022160750460000003,
        0.021520709460000002,
        0.02170416746,
        0.022223167460000005,
        0.021789126460000002,
        0.022241708460000002,
        0.022832125460000005,
        0.021877959460000006,
        0.022549417460000006,
        0.02297204246,
        0.021549500460000003,
        0.022731875460000002,
        0.024279251460000005,
        0.024078333460000004,
        0.026396417460000002,
        0.025608125460000006,
        0.05049791746000001,
        0.04044333346000001,
        0.02412770846,
        0.030440625460000002,
        0.02454554246,
        0.02532770946,
        0.025884084460000005,
        0.025923251460000005,
        0.029360292460000006,
        0.024585917460000002,
        0.02378904246,
        0.022097417460000005,
        0.02194295946,
        0.021311292460000006,
        0.026338292460000003,
        0.024498167460000005,
        0.029403750460000003,
        0.02413862546,
        0.023593875460000004,
        0.02265670846
      ],
      "memory_usage_byte": [
        32702464,
        32702464,
        32702464,
        32702464,
        32702464,
        32702464,
        32702464,
        32702464,
        32702464,
        32702464,
        32702464,
        32702464,
        32702464,
        32702464,
        32702464,
        32702464,
        32702464,
        32702464,
        32702464,
        32702464,
        32702464,
        32702464,
        32702464,
        32702464,
        32702464,
        32702464,
        32702464,
        32702464,
        32702464,
        32702464,
        32702464,
        32702464,
        32702464,
        32702464,
        32702464,
        32702464,
        32702464,
        32702464,
        32702464,
        32702464,
        32702464,
        32702464,
        32702464,
        32702464,
        32849920,
        32849920,
        32849920,
        32849920,
        32866304,
        32866304,
        32866304,
        32866304,
        32866304,
        32866304,
        32866304,
        32866304,
        32866304,
        32866304,
        32866304,
        32866304,
        32866304,
        32866304,
        32866304,
        32866304,
        32866304,
        32866304,
        32866304,
        32866304,
        32866304,
        32866304,
        32866304,
        32866304,
        32866304,
        32866304,
        32866304,
        32866304,
        32866304,
        32866304,
        32866304,
        32866304,
        32866304,
        32866304,
        32866304,
        32866304,
        32866304,
        32866304,
        32866304,
        32866304,
        32866304,
        32866304,
        32866304,
        32866304,
        32866304,
        32866304,
        32866304,
        32866304,
        32866304,
        32866304,
        32866304,
        32866304,
        32866304,
        32866304,
        32866304,
        32866304,
        32866304,
        32866304,
        32866304,
        32866304,
        32866304,
        32866304,
        32866304,
        32866304,
        32866304,
        32866304,
        32866304,
        32866304
      ],
      "exit_codes": [
        0,
        0,
        0,
        0,
        0,
        0,
        0,
        0,
        0,
        0,
        0,
        0,
        0,
        0,
        0,
        0,
        0,
        0,
        0,
        0,
        0,
        0,
        0,
        0,
        0,
        0,
        0,
        0,
        0,
        0,
        0,
        0,
        0,
        0,
        0,
        0,
        0,
        0,
        0,
        0,
        0,
        0,
        0,
        0,
        0,
        0,
        0,
        0,
        0,
        0,
        0,
        0,
        0,
        0,
        0,
        0,
        0,
        0,
        0,
        0,
        0,
        0,
        0,
        0,
        0,
        0,
        0,
        0,
        0,
        0,
        0,
        0,
        0,
        0,
        0,
        0,
        0,
        0,
        0,
        0,
        0,
        0,
        0,
        0,
        0,
        0,
        0,
        0,
        0,
        0,
        0,
        0,
        0,
        0,
        0,
        0,
        0,
        0,
        0,
        0,
        0,
        0,
        0,
        0,
        0,
        0,
        0,
        0,
        0,
        0,
        0,
        0,
        0,
        0,
        0,
        0
      ]
    },
    {
      "command": "./bin/oxc_antd",
      "mean": 0.023006284176981123,
      "stddev": 0.001910742588129786,
      "median": 0.022587646460000003,
      "user": 0.019977915094339625,
      "system": 0.0024767833962264147,
      "min": 0.020536458460000004,
      "max": 0.029378917460000008,