{
  "results": [
    {
      "command": "./bin/yuku_antd",
      "mean": 0.04888990756196721,
      "stddev": 0.00028939314470251363,
      "median": 0.04884603448,
      "user": 0.039630400983606553,
      "system": 0.009172378360655736,
      "min": 0.048215291480000005,
      "max": 0.049520119480000006,
      "times": [
        0.04840684548,
        0.049450740480000005,
        0.04898537748,
        0.04873779048000001,
        0.04874165148,
        0.049125596480000006,
        0.049058534480000006,
        0.04884879148000001,
        0.048652132480000006,
        0.048731165480000005,
        0.04866400748000001,
        0.04860145348000001,
        0.048215291480000005,
        0.04836986748,
        0.048482509480000005,
        0.04847060148000001,
        0.048835888480000006,
        0.048771770480000004,
        0.04877242348000001,
        0.04894679248000001,
        0.04894835948,
        0.048777896480000006,
        0.048977582480000004,
        0.04867367148000001,
        0.048715518480000004,
        0.04875734148000001,
        0.04865841448,
        0.048631936480000006,
        0.048789593480000004,
        0.04935978348,
        0.04906616248,
        0.04884603448,
        0.049013648480000005,
        0.04895360548,
        0.049520119480000006,
        0.049360910480000006,
        0.049289919480000007,
        0.049446586480000006,
        0.04905655548000001,
        0.048932768480000007,
        0.04870862648,
        0.04861898748000001,
        0.04874008248,
        0.04865357448,
        0.04856530248,
        0.04898100348000001,
        0.049078269480000006,
        0.04874725548,
        0.048961705480000006,
        0.04895732548000001,
        0.04882846148,
        0.04929929148000001,
        0.049336312480000005,
        0.048953348480000006,
        0.048637578480000006,
        0.04928108448000001,
        0.049439669480000004,
        0.04872053548000001,
        0.04892889848,
        0.04906074648000001,
        0.04914066148000001
      ],
      "memory_usage_byte": [
        31862784,
        31862784,
        31862784,
        31862784,
        31862784,
        31862784,
        31862784,
        31862784,
        31862784,
        31862784,
        31862784,
        31862784,
        31862784,
        31862784,
        31862784,
        31862784,
        31862784,
        31862784,
        31862784,
        31862784,
        31862784,
        31862784,
        31862784,
        31862784,
        31862784,
        31862784,
        31862784,
        31862784,
        31862784,
        31862784,
        31862784,
        31862784,
        31862784,
        31862784,
        31862784,
        31862784,
        31862784,
        31862784,
        31862784,
        31862784,
        31862784,
        31862784,
        31862784,
        31862784,
        31862784,
        31862784,
        31862784,
        31862784,
        31862784,
        31862784,
        31862784,
        31862784,
        31862784,
        31862784,
        31862784,
        31862784,
        31862784,
        31862784,
        31862784,
        31862784,
        31862784
      ],
      "exit_codes": [
        0,
        0,
        0,
        0,
        0,
        0,
        0,
        0,
        0,
        0,
        0,
        0,
        0,
        0,
        0,
        0,
        0,
        0,
        0,
        0,
        0,
        0,
        0,
        0,
        0,
        0,
        0,
        0,
        0,
        0,
        0,
        0,
        0,
        0,
        0,
        0,
        0,
        0,
        0,
        0,
        0,
        0,
        0,
        0,
        0,
        0,
        0,
        0,
        0,
        0,
        0,
        0,
        0,
        0,
        0,
        0,
        0,
        0,
        0,
        0,
        0
      ]
    },
    {
      "command": "./bin/oxc_antd",
      "mean": 0.05167374484842106,
      "stddev": 0.00028315533905366155,
      "median": 0.05167557348000001,
      "user": 0.039802263508771925,
      "system": 0.011790753684210523,
      "min": 0.051063733480000005,
      "max": 0.052303939480000006,
      "times": [
        0.051732815480000006,
        0.05137300748,
        0.051387307480000005,
        0.05161881648,
        0.05129104948,
        0.05142281548,
        0.051425711480000004,
        0.05196610648,
        0.051610561480000004,
        0.05145258248,
        0.05203936348,
        0.05159498748000001,
        0.05151417348,
        0.051620856480000005,
        0.05138868548,
        0.052000324480000006,
        0.052055352480000004,
        0.05176987948,
        0.051330397480000005,
        0.05140499148,
        0.05173478848,
        0.051717462480000004,
        0.05168758148000001,
        0.051529985480000005,
        0.05213535448000001,
        0.051705555480000005,
        0.05131151548000001,
        0.051063733480000005,
        0.051424301480000004,
        0.051488420480000005,
        0.05167557348000001,
        0.05153257748000001,
        0.05118322748,
        0.05192087548,
        0.05217444948,
        0.05168043548,
        0.051717381480000005,
        0.051701022480000004,
        0.05181127948000001,
        0.051572647480000004,
        0.051173482480000004,
        0.05161759548000001,
        0.052303939480000006,
        0.05206480648,
        0.05193396848,
        0.051853269480000005,
        0.051421739480000006,
        0.05145634348000001,
        0.05184812148,
        0.052031887480000004,
        0.05162535548,
        0.051562230480000006,
        0.05177777948000001,
        0.05175718848000001,
        0.05207278548,
        0.05226894748000001,
        0.05186606148
      ],
      "memory_usage_byte": [
        43102208,
        43102208,
        43102208,
        43102208,
        43102208,
        43102208,
        43102208,
        43102208,
        43102208,
        43102208,
        43102208,
        43102208,
        43102208,
        43102208,
        43102208,
        43102208,
        43102208,
        43102208,
        43102208,
        43102208,
        43102208,
        43102208,
        43102208,
        43102208,
        43102208,
        43102208,
        43102208,
        43102208,
        43102208,
        43102208,
        43102208,
        43102208,
        43102208,
        43102208,
        43102208,
        43102208,
        43102208,
        43102208,
        43102208,
        43102208,
        43102208,
        43102208,
        43102208,
        43102208,
        43102208,
        43102208,
        43102208,
        43102208,
        43102208,
        43102208,
        43102208,
        43102208,
        43102208,
        43102208,
        43102208,
        43102208,
        43102208
      ],
      "exit_codes": [
        0,
        0,
        0,
        0,
        0,
        0,
        0,
        0,
        0,
        0,
        0,
        0,
        0,
        0,
        0,
        0,
        0,
        0,
        0,
        0,
        0,
        0,
        0,
        0,
        0,
        0,
        0,
        0,
        0,
        0,
        0,
        0,
        0,
        0,
        0,
        0,
        0,
        0,
        0,
        0,
        0,
        0,
        0,
        0,
        0,
        0,
        0,
        0,
        0,
        0,
        0,
        0,
        0,
        0,
        0,
        0,
        0
      ]
    },
    {
      "command": "./bin/swc_antd",
      "mean": 0.10469176262285713,
      "stddev": 0.0004101225096222677,
      "median": 0.10462359598,
      "user": 0.08214750285714288,
      "system": 0.02247070857142857,
      "min": 0.10400570848,
      "max": 0.10577452148,