{
  "results": [
    {
      "command": "./bin/yuku_antd",
      "mean": 0.05867191808000001,
      "stddev": 0.0004009638852327361,
      "median": 0.05859491934,
      "user": 0.04566135999999999,
      "system": 0.012956720000000003,
      "min": 0.057970928340000005,
      "max": 0.06008463534,
      "times": [
        0.05898523234,
        0.058555300340000005,
        0.058521897340000004,
        0.05864130034000001,
        0.05879281334,
        0.05869521034,
        0.05943011334000001,
        0.05892330734000001,
        0.05887192134000001,
        0.058848988340000005,
        0.05850248134000001,
        0.05840512934,
        0.058545992340000005,
        0.058425737340000006,
        0.05846583334000001,
        0.05846177534000001,
        0.06008463534,
        0.058980473340000006,
        0.05896341234000001,
        0.05845059434000001,
        0.058546864340000004,
        0.05851806034,
        0.05826286334,
        0.05816766534000001,
        0.05888693834,
        0.05809416834,
        0.057970928340000005,
        0.05808553234000001,
        0.05799365034000001,
        0.05860828934000001,
        0.05807886034000001,
        0.05813100734,
        0.05854603234,
        0.05866162734000001,
        0.05891930934,
        0.058510505340000005,
        0.05858154934,
        0.05863242334,
        0.05906731534000001,
        0.058846824340000006,
        0.05883542334,
        0.059446304340000006,
        0.059257660340000004,
        0.05914525034000001,
        0.05884837734000001,
        0.05851691834,
        0.05851889234,
        0.05849111034,
        0.058955006340000005,
        0.05891839734
      ],
      "memory_usage_byte": [
        31936512,
        31936512,
        31936512,
        31936512,
        31936512,
        31936512,
        31936512,
        31936512,
        31936512,
        31936512,
        31936512,
        31936512,
        31936512,
        31936512,
        31936512,
        31936512,
        31936512,
        31936512,
        31936512,
        31936512,
        31936512,
        31936512,
        31936512,
        31936512,
        31936512,
        31936512,
        31936512,
        31936512,
        31936512,
        31936512,
        31936512,
        31936512,
        31936512,
        31936512,
        31936512,
        31936512,
        31936512,
        31936512,
        31936512,
        31936512,
        31936512,
        31936512,
        31936512,
        31936512,
        31936512,
        31936512,
        31936512,
        31936512,
        31936512,
        31936512
      ],
      "exit_codes": [
        0,
        0,
        0,
        0,
        0,
        0,
        0,
        0,
        0,
        0,
        0,
        0,
        0,
        0,
        0,
        0,
        0,
        0,
        0,
        0,
        0,
        0,
        0,
        0,
        0,
        0,
        0,
        0,
        0,
        0,
        0,
        0,
        0,
        0,
        0,
        0,
        0,
        0,
        0,
        0,
        0,
        0,
        0,
        0,
        0,
        0,
        0,
        0,
        0,
        0
      ]
    },
    {
      "command": "./bin/oxc_antd",
      "mean": 0.059148568679999965,
      "stddev": 0.0014700619578874971,
      "median": 0.058622903840000004,
      "user": 0.04117126000000001,
      "system": 0.01793402,
      "min": 0.05798133634000001,
      "max": 0.06689892534,
      "times": [
        0.059086809340000004,
        0.05854787334,
        0.05851565334,
        0.05875667334000001,
        0.059050262340000007,
        0.05940181834000001,
        0.05924706934,
        0.05945343334,
        0.06000812934000001,
        0.059575843340000004,
        0.061659976340000006,
        0.06286464334,
        0.05982355534,
        0.05947343134000001,
        0.058235429340000006,
        0.05838067034000001,
        0.05995520034,
        0.05982416734,
        0.05929319434000001,
        0.059587124340000006,
        0.059187317340000004,
        0.05910753834,
        0.05882758534,
        0.05898842634,
        0.05844377934,
        0.05825653934000001,
        0.05820876934000001,
        0.058574704340000006,
        0.05977567634,
        0.05842782934,
        0.05819897234,
        0.05849670834000001,
        0.05854848434,
        0.05889445134,
        0.05835006434000001,
        0.05859358934,
        0.06137801734000001,
        0.06689892534,
        0.058652218340000006,
        0.058527354340000004,
        0.05798133634000001,
        0.058324285340000004,
        0.058204342340000007,
        0.05813978134,
        0.05832610934,
        0.058121106340000006,
        0.058392203340000004,
        0.05832843834000001,
        0.05843018834000001,
        0.058102734340000003
      ],
      "memory_usage_byte": [
        42971136,
        42971136,
        42971136,
        42971136,
        42971136,
        42971136,
        42971136,
        42971136,
        42971136,
        42971136,
        42971136,
        42971136,
        42971136,
        42971136,
        42971136,
        42971136,
        42971136,
        42971136,
        42971136,
        42971136,
        42971136,
        42971136,
        42971136,
        42971136,
        42971136,
        42971136,
        42971136,
        42971136,
        42971136,
        42971136,
        42971136,
        42971136,
        42971136,
        42971136,
        42971136,
        42971136,
        42971136,
        42971136,
        42971136,
        42971136,
        42971136,
        42971136,
        42971136,
        42971136,
        42971136,
        42971136,
        42971136,
        42971136,
        42971136,
        42971136
      ],
      "exit_codes": [
        0,
        0,
        0,
        0,
        0,
        0,
        0,
        0,
        0,
        0,
        0,
        0,
        0,
        0,
        0,
        0,
        0,
        0,
        0,
        0,
        0,
        0,
        0,
        0,
        0,
        0,
        0,
        0,
        0,
        0,
        0,
        0,
        0,
        0,
        0,
        0,
        0,
        0,
        0,
        0,
        0,
        0,
        0,
        0,
        0,
        0,
        0,
        0,
        0,
        0
      ]
    },
    {
      "command": "./bin/swc_antd",
      "mean": 0.12218601717333334,
      "stddev": 0.001220477762793582,
      "median": 0.12194090934000001,
      "user": 0.09124791166666664,
      "system": 0.03087140333333332,
      "min": 0.12050627034,
      "max": 0.12506342534,
      "times": [
        0.12280741234,
        0.12399808634000001,
        0.12184700934,
        0.12150530134000001,
        0.12057400234,
        0.12175951534,
        0.12050627034,
        0.12136305534,
        0.12203480934000001,
        0.12216879934000001,
        0.12327282134,
        0.12343176834,
        0.12337077434,
        0.12506342534,
        0.12159981634,
        0.12326562634,
        0.12135174334,
        0.12095588534,
        0.12076354534,
        0.12234723334,
        0.12115381534,
        0.12090254534,
        0.12261336034,
        0.12380779034
      ],
      "memory_usage_byte": [
        70553600,
        70553600,
        70553600,
        70553600,
        70553600,
        70553600,
        70553600,
        70553600,
        70553600,
        70553600,
        70553600,
        70553600,
        70553600,
        70553600,
        70553600,
        70553600,
        70553600,
        70553600,
        70553600,
        70553600,
        70553600,
        70553600,
        70553600,
        70553600
      ],