{
  "results": [
    {
      "command": "./bin/yuku_antd",
      "mean": 0.060748902513469386,
      "stddev": 0.0004099231964479934,
      "median": 0.06069797484000001,
      "user": 0.04608089142857144,
      "system": 0.014616761632653056,
      "min": 0.06020053184000001,
      "max": 0.06269846284,
      "times": [
        0.06042348084000001,
        0.060593508840000004,
        0.060509060840000004,
        0.060389486840000006,
        0.06069797484000001,
        0.06062134184000001,
        0.060778755840000004,
        0.060342568840000006,
        0.06048263084000001,
        0.060579322840000005,
        0.06269846284,
        0.06088990484000001,
        0.060795216840000006,
        0.060408050840000005,
        0.06070407584,
        0.060951278840000005,
        0.060884333840000006,
        0.06057662684000001,
        0.06125003884000001,
        0.06078412684000001,
        0.06034131584000001,
        0.06071098884000001,
        0.06046702184,
        0.06076835684000001,
        0.060986224840000006,
        0.06091607384000001,
        0.06087578784000001,
        0.060962299840000005,
        0.060813450840000005,
        0.06020053184000001,
        0.060661756840000004,
        0.06071271184000001,
        0.061067486840000004,
        0.061621324840000005,
        0.060451472840000006,
        0.06083249684000001,
        0.061384781840000006,
        0.06063025784000001,
        0.06063356384000001,
        0.06026184684000001,
        0.06064617784000001,
        0.061103964840000004,
        0.060752666840000004,
        0.061246722840000004,
        0.06056853284000001,
        0.06033422284000001,
        0.06038141184,
        0.060474876840000004,
        0.060527644840000006
      ],
      "memory_usage_byte": [
        31932416,
        31932416,
        31932416,
        31932416,
        31932416,
        31932416,
        31932416,
        31932416,
        31932416,
        31932416,
        31932416,
        31932416,
        31932416,
        31932416,
        31932416,
        31932416,
        31932416,
        31932416,
        31932416,
        31932416,
        31932416,
        31932416,
        31932416,
        31932416,
        31932416,
        31932416,
        31932416,
        31932416,
        31932416,
        31932416,
        31932416,
        31932416,
        31932416,
        31932416,
        31932416,
        31932416,
        31932416,
        31932416,
        31932416,
        31932416,
        31932416,
        31932416,
        31932416,
        31932416,
        31932416,
        31932416,
        31932416,
        31932416,
        31932416
      ],
      "exit_codes": [
        0,
        0,
        0,
        0,
        0,
        0,
        0,
        0,
        0,
        0,
        0,
        0,
        0,
        0,
        0,
        0,
        0,
        0,
        0,
        0,
        0,
        0,
        0,
        0,
        0,
        0,
        0,
        0,
        0,
        0,
        0,
        0,
        0,
        0,
        0,
        0,
        0,
        0,
        0,
        0,
        0,
        0,
        0,
        0,
        0,
        0,
        0,
        0,
        0
      ]
    },
    {
      "command": "./bin/oxc_antd",
      "mean": 0.06212526935063828,
      "stddev": 0.0003670587058705794,
      "median": 0.06204155284000001,
      "user": 0.04369876680851063,
      "system": 0.018378148085106377,
      "min": 0.06142650184000001,
      "max": 0.06310505683999999,
      "times": [
        0.06235009184,
        0.062058535840000005,
        0.06201955284000001,
        0.06185787884000001,
        0.06221025984000001,
        0.06215991584,
        0.061936806840000004,
        0.06186678584,
        0.06175154084000001,
        0.06263686884,
        0.06279623483999999,
        0.06187133484000001,
        0.06194084484,
        0.06181908684,
        0.06212735484,
        0.06180147384,
        0.06175763184000001,
        0.06239497584000001,
        0.06209644684000001,
        0.06190414684,
        0.06215544784000001,
        0.061803577840000005,
        0.061868699840000006,
        0.061935484840000006,
        0.06178146684,
        0.06185323084,
        0.061553789840000005,
        0.06142650184000001,
        0.061838432840000006,
        0.06290613384,
        0.06227598284,
        0.06242936084000001,
        0.061970420840000005,
        0.06238246184000001,
        0.062453916840000005,
        0.06210342284000001,
        0.06267458984,
        0.06204155284000001,
        0.062027106840000006,
        0.06258049284,
        0.06228226484000001,
        0.06310505683999999,
        0.06257669684,
        0.06271630784,
        0.06218574384000001,
        0.061648717840000006,
        0.06195302784
      ],
      "memory_usage_byte": [
        42971136,
        42971136,
        42971136,
        42971136,
        42971136,
        42971136,
        42971136,
        42971136,
        42971136,
        42971136,
        42971136,
        42971136,
        42971136,
        42971136,
        42971136,
        42971136,
        42971136,
        42971136,
        42971136,
        42971136,
        42971136,
        42971136,
        42971136,
        42971136,
        42971136,
        42971136,
        42971136,
        42971136,
        42971136,
        42971136,
        42971136,
        42971136,
        42971136,
        42971136,
        42971136,
        42971136,
        42971136,
        42971136,
        42971136,
        42971136,
        42971136,
        42971136,
        42971136,
        42971136,
        42971136,
        42971136,
        42971136
      ],
      "exit_codes": [
        0,
        0,
        0,
        0,
        0,
        0,
        0,
        0,
        0,
        0,
        0,
        0,
        0,
        0,
        0,
        0,
        0,
        0,
        0,
        0,
        0,
        0,
        0,
        0,
        0,
        0,
        0,
        0,
        0,
        0,
        0,
        0,
        0,
        0,
        0,
        0,
        0,
        0,
        0,
        0,
        0,
        0,
        0,
        0,
        0,
        0,
        0
      ]
    },
    {
      "command": "./bin/swc_antd",
      "mean": 0.13037523952181823,
      "stddev": 0.0010096489407620578,
      "median": 0.13014177434000002,
      "user": 0.09854877454545453,
      "system": 0.031741089090909086,
      "min": 0.12853339784,
      "max": 0.13249015984,
      "times": [
        0.13076395484,
        0.13138930184,
        0.13051134984,
        0.13027349184,
        0.12904470984,
        0.12923954684,
        0.13014431884,
        0.12976251084,
        0.13079659684,
        0.13249015984,
        0.12853339784,
        0.12946370884,
        0.12979442084,
        0.13161720084,
        0.12995758784,
        0.13051201084,
        0.13013922984,
        0.13219148384,
        0.13008580884,
        0.13001545584000002,
        0.12979171584000002,
        0.13173730684
      ],
      "memory_usage_byte": [
        70635520,
        70635520,
        70635520,
        70635520,
        70635520,
        70635520,
        70635520,
        70635520,
        70635520,
        70635520,
        70635520,
        70635520,
        70635520,
        70635520,
        70635520,
        70635520,
        70635520,
        70635520,
        70635520,
        70635520,
        70635520,
        70635520
      ],
      "exit_codes": [
        0,
        0,
        0,
        0,
        0,
        0,
        0,
        0,
        0,
        0,
        0,
        0,
        0,
        0,
        0,
        0,
        0,
        0,
        0,
        0,
        0,
        0
      ]
    }
  ]
}
