{
  "results": [
    {
      "command": "./bin/yuku_antd",
      "mean": 0.024002081485423727,
      "stddev": 0.003732249755995335,
      "median": 0.02395965846,
      "user": 0.021184409152542372,
      "system": 0.001972060677966101,
      "min": 0.02033032446,
      "max": 0.05361244946,
      "times": [
        0.022245658460000005,
        0.022214866460000003,
        0.025357242460000005,
        0.02479469946,
        0.02541869946,
        0.025044867460000002,
        0.02605378346,
        0.02506520046,
        0.02371249146,
        0.02448349146,
        0.025570242460000003,
        0.025610449460000004,
        0.022441450460000005,
        0.025230033460000002,
        0.02574699146,
        0.025929867460000006,
        0.026365575460000006,
        0.025862575460000002,
        0.02515849246,
        0.025719616460000004,
        0.02162490846,
        0.025277992460000002,
        0.025262367460000004,
        0.024933492460000005,
        0.025131658460000005,
        0.02539790846,
        0.02559370046,
        0.025277908460000005,
        0.02279274146,
        0.024080533460000005,
        0.02190845046,
        0.02089132446,
        0.023592491460000004,
        0.02428215846,
        0.02382682446,
        0.02402520046,
        0.023179824460000005,
        0.024270991460000002,
        0.024913283460000005,
        0.02530582546,
        0.024919616460000002,
        0.023894116460000003,
        0.021967200460000003,
        0.02233582546,
        0.025733908460000003,
        0.03133799246,
        0.024864867460000002,
        0.02578432546,
        0.02549103346,
        0.02345778346,
        0.022310492460000005,
        0.02124315846,
        0.02126661646,
        0.02111661746,
        0.020969699460000005,
        0.022003158460000005,
        0.020766366460000005,
        0.020675325460000005,
        0.02045032546,
        0.02051882546,
        0.02033032446,
        0.020331950460000005,
        0.020709408460000002,
        0.021086908460000005,
        0.020695824460000005,
        0.020382366460000002,
        0.020484574460000002,
        0.021369950460000002,
        0.02275903346,
        0.05361244946,
        0.02513124246,
        0.025020741460000002,
        0.03381682446,
        0.02544332446,
        0.02347040846,
        0.026735741460000004,
        0.021000825460000004,
        0.020946366460000004,
        0.021066700460000004,
        0.02323103346,
        0.023316575460000002,
        0.025230742460000004,
        0.024483658460000002,
        0.02421032446,
        0.022111075460000004,
        0.021085450460000002,
        0.021079700460000003,
        0.029608574460000002,
        0.024065575460000002,
        0.022282783460000004,
        0.02498190846,
        0.025518116460000004,
        0.029964616460000003,
        0.03278803346,
        0.02176003346,
        0.02281115846,
        0.02583903346,
        0.02270669946,
        0.02579707546,
        0.02536682546,
        0.024123575460000005,
        0.022170991460000004,
        0.02385486646,
        0.025950991460000003,
        0.02523707546,
        0.02514040846,
        0.025462575460000005,
        0.023105408460000004,
        0.021634991460000003,
        0.021244158460000002,
        0.02123728346,
        0.020954408460000004,
        0.021124241460000005,
        0.02069311646,
        0.02051553346,
        0.02051315846,
        0.021021533460000005,
        0.024924200460000004
      ],
      "memory_usage_byte": [
        32702464,
        32702464,
        32702464,
        32702464,
        32702464,
        32702464,
        32702464,
        32702464,
        32702464,
        32702464,
        32702464,
        32702464,
        32702464,
        32702464,
        32702464,
        32702464,
        32702464,
        32702464,
        32702464,
        32702464,
        32702464,
        32702464,
        32702464,
        32702464,
        32702464,
        32702464,
        32702464,
        32702464,
        32702464,
        32702464,
        32702464,
        32702464,
        32702464,
        32702464,
        32702464,
        32702464,
        32702464,
        32702464,
        32702464,
        32702464,
        32702464,
        32702464,
        32702464,
        32702464,
        32702464,
        32702464,
        32702464,
        32702464,
        32702464,
        32702464,
        32702464,
        32702464,
        32702464,
        32702464,
        32702464,
        32702464,
        32702464,
        32702464,
        32702464,
        32702464,
        32702464,
        32702464,
        32702464,
        32702464,
        32702464,
        32702464,
        32702464,
        32702464,
        32702464,
        32702464,
        32702464,
        32702464,
        32702464,
        32702464,
        32702464,
        32702464,
        32702464,
        32702464,
        32702464,
        32702464,
        32702464,
        32702464,
        32702464,
        32702464,
        32702464,
        32702464,
        32702464,
        32702464,
        32702464,
        32702464,
        32702464,
        32702464,
        32702464,
        32702464,
        32702464,
        32702464,
        32702464,
        32702464,
        32702464,
        32702464,
        32702464,
        32702464,
        32702464,
        32702464,
        32702464,
        32702464,
        32702464,
        32702464,
        32702464,
        32702464,
        32702464,
        32702464,
        32702464,
        32702464,
        32702464,
        32702464,
        32702464,
        32702464
      ],
      "exit_codes": [
        0,
        0,
        0,
        0,
        0,
        0,
        0,
        0,
        0,
        0,
        0,
        0,
        0,
        0,
        0,
        0,
        0,
        0,
        0,
        0,
        0,
        0,
        0,
        0,
        0,
        0,
        0,
        0,
        0,
        0,
        0,
        0,
        0,
        0,
        0,
        0,
        0,
        0,
        0,
        0,
        0,
        0,
        0,
        0,
        0,
        0,
        0,
        0,
        0,
        0,
        0,
        0,
        0,
        0,
        0,
        0,
        0,
        0,
        0,
        0,
        0,
        0,
        0,
        0,
        0,
        0,
        0,
        0,
        0,
        0,
        0,
        0,
        0,
        0,
        0,
        0,
        0,
        0,
        0,
        0,
        0,
        0,
        0,
        0,
        0,
        0,
        0,
        0,
        0,
        0,
        0,
        0,
        0,
        0,
        0,
        0,
        0,
        0,
        0,
        0,
        0,
        0,
        0,
        0,
        0,
        0,
        0,
        0,
        0,
        0,
        0,
        0,
        0,
        0,
        0,
        0,
        0,
        0
      ]
    },
    {
      "command": "./bin/oxc_antd",
      "mean": 0.025281796548709688,
      "stddev": 0.0043474795501657485,
      "median": 0.02555803296,
      "user": 0.021294887419354848,
      "system": 0.002774684516129033,
      "min": 0.02060390846,
      "max": 0.05536957546,