{
  "results": [
    {
      "command": "./bin/yuku_antd",
      "mean": 0.022297570848070165,
      "stddev": 0.003202138412139589,
      "median": 0.02118455062,
      "user": 0.019664616140350876,
      "system": 0.0017622561403508772,
      "min": 0.020286509120000004,
      "max": 0.03754438412,
      "times": [
        0.023103843120000002,
        0.02183859212,
        0.021394259120000002,
        0.02391071712,
        0.024554092120000003,
        0.021291217120000004,
        0.020977176120000003,
        0.023996759120000002,
        0.02407209212,
        0.02170921712,
        0.021400176120000003,
        0.02137380012,
        0.020947842120000004,
        0.022633884120000003,
        0.028012134120000004,
        0.021233134120000004,
        0.02107038412,
        0.022277259120000004,
        0.027162050120000003,
        0.021576468120000004,
        0.021266884120000003,
        0.021063509120000004,
        0.020980800120000004,
        0.021078884120000002,
        0.02051121712,
        0.020861217120000004,
        0.02073425912,
        0.022699676120000005,
        0.030000301120000003,
        0.022057884120000003,
        0.02133109212,
        0.02114771712,
        0.02110850912,
        0.021361509120000004,
        0.023248551120000002,
        0.02947859212,
        0.02156392512,
        0.020966509120000004,
        0.02117563412,
        0.021018884120000005,
        0.02090759212,
        0.02069588412,
        0.020615967120000002,
        0.021790800120000002,
        0.02777475912,
        0.021694468120000004,
        0.02121950912,
        0.021120551120000004,
        0.03754438412,
        0.021580134120000004,
        0.021040967120000004,
        0.020861550120000003,
        0.03611655112,
        0.02152663412,
        0.02117988412,
        0.02098296712,
        0.021033468120000003,
        0.02082792612,
        0.02300513412,
        0.024001134120000003,
        0.021779592120000003,
        0.02118921712,
        0.02115363412,
        0.021418301120000004,
        0.02202480112,
        0.03290680012,
        0.02143275912,
        0.021349634120000002,
        0.021228426120000005,
        0.020998759120000002,
        0.02067750912,
        0.02036421812,
        0.020517884120000003,
        0.02062309212,
        0.021661051120000004,
        0.031154051119999998,
        0.021372343120000005,
        0.02152896812,
        0.02143846712,
        0.02123642612,
        0.020725842120000004,
        0.020646176119999998,
        0.02055684312,
        0.02087296812,
        0.020721467120000003,
        0.02078775912,
        0.02117105112,
        0.021022842120000003,
        0.020669800120000005,
        0.029830426120000003,
        0.021607842120000005,
        0.02135305112,
        0.02092225912,
        0.021036592120000003,
        0.02078355012,
        0.020286509120000004,
        0.020470384120000004,
        0.020730342120000002,
        0.020638509120000002,
        0.02064067512,
        0.020393134120000003,
        0.02055955112,
        0.020875009120000003,
        0.020544259119999998,
        0.02109084212,
        0.02080459212,
        0.02094755012,
        0.020876842120000003,
        0.02082609312,
        0.020583259120000003,
        0.021658717120000004,
        0.03339471712,
        0.02207846812,
        0.022048300120000003
      ],
      "memory_usage_byte": [
        32735232,
        32735232,
        32735232,
        32735232,
        32735232,
        32735232,
        32735232,
        32735232,
        32735232,
        32735232,
        32735232,
        32735232,
        32735232,
        32735232,
        32735232,
        32735232,
        32735232,
        32735232,
        32735232,
        32735232,
        32735232,
        32735232,
        32735232,
        32735232,
        32735232,
        32735232,
        32735232,
        32735232,
        32735232,
        32735232,
        32735232,
        32735232,
        32735232,
        32735232,
        32735232,
        32735232,
        32735232,
        32735232,
        32735232,
        32735232,
        32735232,
        32735232,
        32735232,
        32735232,
        32735232,
        32735232,
        32735232,
        32735232,
        32735232,
        32735232,
        32735232,
        32735232,
        32735232,
        32735232,
        32735232,
        32735232,
        32735232,
        32735232,
        32735232,
        32735232,
        32735232,
        32735232,
        32735232,
        32735232,
        32735232,
        32735232,
        32735232,
        32735232,
        32735232,
        32735232,
        32735232,
        32735232,
        32735232,
        32735232,
        32735232,
        32735232,
        32735232,
        32735232,
        32735232,
        32735232,
        32735232,
        32735232,
        32735232,
        32735232,
        32735232,
        32735232,
        32735232,
        32735232,
        32735232,
        32735232,
        32735232,
        32735232,
        32735232,
        32735232,
        32735232,
        32735232,
        32735232,
        32735232,
        32735232,
        32735232,
        32735232,
        32735232,
        32735232,
        32735232,
        32735232,
        32735232,
        32735232,
        32735232,
        32735232,
        32735232,
        32735232,
        32735232,
        32735232,
        32735232
      ],
      "exit_codes": [
        0,
        0,
        0,
        0,
        0,
        0,
        0,
        0,
        0,
        0,
        0,
        0,
        0,
        0,
        0,
        0,
        0,
        0,
        0,
        0,
        0,
        0,
        0,
        0,
        0,
        0,
        0,
        0,
        0,
        0,
        0,
        0,
        0,
        0,
        0,
        0,
        0,
        0,
        0,
        0,
        0,
        0,
        0,
        0,
        0,
        0,
        0,
        0,
        0,
        0,
        0,
        0,
        0,
        0,
        0,
        0,
        0,
        0,
        0,
        0,
        0,
        0,
        0,
        0,
        0,
        0,
        0,
        0,
        0,
        0,
        0,
        0,
        0,
        0,
        0,
        0,
        0,
        0,
        0,
        0,
        0,
        0,
        0,
        0,
        0,
        0,
        0,
        0,
        0,
        0,
        0,
        0,
        0,
        0,
        0,
        0,
        0,
        0,
        0,
        0,
        0,
        0,
        0,
        0,
        0,
        0,
        0,
        0,
        0,
        0,
        0,
        0,
        0,
        0
      ]
    },
    {
      "command": "./bin/oxc_antd",
      "mean": 0.021743602710909093,
      "stddev": 0.0010848242075314695,
      "median": 0.021557759120000002,
      "user": 0.01920951454545454,
      "system": 0.0023748454545454547,
      "min": 0.02048875912,
      "max": 0.02654696712,