{
  "results": [
    {
      "command": "./bin/yuku_antd",
      "mean": 0.05936841582000002,
      "stddev": 0.0004922309635293216,
      "median": 0.05931609248000001,
      "user": 0.04646871999999999,
      "system": 0.012874140000000001,
      "min": 0.05875584248000001,
      "max": 0.061322637480000004,
      "times": [
        0.05921949348,
        0.05954450648000001,
        0.059463626480000004,
        0.05921322048000001,
        0.05929457248000001,
        0.059225223480000005,
        0.05943476348000001,
        0.059376895480000004,
        0.059165623480000006,
        0.05880563548000001,
        0.058945614480000005,
        0.05895958048000001,
        0.059330448480000006,
        0.059261450480000005,
        0.058991489480000006,
        0.05896395848000001,
        0.058788683480000006,
        0.05899683948000001,
        0.05988351548,
        0.05943155648000001,
        0.059305732480000005,
        0.059465590480000004,
        0.05970339048000001,
        0.05931807648000001,
        0.059369721480000005,
        0.05945280648000001,
        0.061322637480000004,
        0.05931410848000001,
        0.059398435480000004,
        0.059342010480000006,
        0.05988983448000001,
        0.059889166480000006,
        0.059663487480000006,
        0.059366425480000005,
        0.059320220480000005,
        0.06116742848000001,
        0.059648739480000004,
        0.059441334480000003,
        0.05900040648,
        0.059079472480000006,
        0.05919431648000001,
        0.059133342480000003,
        0.060188101480000006,
        0.059417851480000006,
        0.05875584248000001,
        0.058982463480000004,
        0.05903154448,
        0.059111432480000003,
        0.05888941048000001,
        0.058960762480000005
      ],
      "memory_usage_byte": [
        31932416,
        31932416,
        31932416,
        31932416,
        31932416,
        31932416,
        31932416,
        31932416,
        31932416,
        31932416,
        31932416,
        31932416,
        31932416,
        31932416,
        31932416,
        31932416,
        31932416,
        31932416,
        31932416,
        31932416,
        31932416,
        31932416,
        31932416,
        31932416,
        31932416,
        31932416,
        31932416,
        31932416,
        31932416,
        31932416,
        31932416,
        31932416,
        31932416,
        31932416,
        31932416,
        31932416,
        31932416,
        31932416,
        31932416,
        31932416,
        31932416,
        31932416,
        31932416,
        31932416,
        31932416,
        31932416,
        31932416,
        31932416,
        31932416,
        31932416
      ],
      "exit_codes": [
        0,
        0,
        0,
        0,
        0,
        0,
        0,
        0,
        0,
        0,
        0,
        0,
        0,
        0,
        0,
        0,
        0,
        0,
        0,
        0,
        0,
        0,
        0,
        0,
        0,
        0,
        0,
        0,
        0,
        0,
        0,
        0,
        0,
        0,
        0,
        0,
        0,
        0,
        0,
        0,
        0,
        0,
        0,
        0,
        0,
        0,
        0,
        0,
        0,
        0
      ]
    },
    {
      "command": "./bin/oxc_antd",
      "mean": 0.06190287605446809,
      "stddev": 0.001212955884227017,
      "median": 0.06181005148,
      "user": 0.044024026808510634,
      "system": 0.017826958723404254,
      "min": 0.059979218480000006,
      "max": 0.06471626748,
      "times": [
        0.06286244648,
        0.06420057148000001,
        0.06059444548000001,
        0.061561630480000004,
        0.06419030848000001,
        0.06129457548000001,
        0.062485275480000005,
        0.06309066948,
        0.060563407480000005,
        0.06246477748000001,
        0.061551412480000005,
        0.06181005148,
        0.06290067648,
        0.06102785048000001,
        0.06313919848,
        0.06471626748,
        0.06175592148,
        0.06339825048,
        0.06249395248,
        0.06189247748000001,
        0.06419422648,
        0.06205309448,
        0.061641836480000003,
        0.06315631148,
        0.060686827480000004,
        0.06254487948000001,
        0.06255559148,
        0.06069304348000001,
        0.06209573848000001,
        0.060675501480000005,
        0.06208642348,
        0.06367449948000001,
        0.06130280548000001,
        0.06246229848000001,
        0.061668174480000004,
        0.060228811480000005,
        0.06205117448000001,
        0.060319389480000006,
        0.06130436848,
        0.06102378748000001,
        0.06112909348000001,
        0.06023303948000001,
        0.06069314448000001,
        0.06050242948000001,
        0.06017988148000001,
        0.059979218480000006,
        0.06230541748
      ],
      "memory_usage_byte": [
        42975232,
        42975232,
        42975232,
        42975232,
        42975232,
        42975232,
        42975232,
        42975232,
        42975232,
        42975232,
        42975232,
        42975232,
        42975232,
        42975232,
        42975232,
        42975232,
        42975232,
        42975232,
        42975232,
        42975232,
        42975232,
        42975232,
        42975232,
        42975232,
        42975232,
        42975232,
        42975232,
        42975232,
        42975232,
        42975232,
        42975232,
        42975232,
        42975232,
        42975232,
        42975232,
        42975232,
        42975232,
        42975232,
        42975232,
        42975232,
        42975232,
        42975232,
        42975232,
        42975232,
        42975232,
        42975232,
        42975232
      ],
      "exit_codes": [
        0,
        0,
        0,
        0,
        0,
        0,
        0,
        0,
        0,
        0,
        0,
        0,
        0,
        0,
        0,
        0,
        0,
        0,
        0,
        0,
        0,
        0,
        0,
        0,
        0,
        0,
        0,
        0,
        0,
        0,
        0,
        0,
        0,
        0,
        0,
        0,
        0,
        0,
        0,
        0,
        0,
        0,
        0,
        0,
        0,
        0,
        0
      ]
    },
    {
      "command": "./bin/swc_antd",
      "mean": 0.13218332834956523,
      "stddev": 0.0037871135721031573,
      "median": 0.13181189048,
      "user": 0.09993288434782607,
      "system": 0.032168762608695646,
      "min": 0.12540149747999998,
      "max": 0.13930999048,
      "times": [
        0.12540149747999998,
        0.13411275447999998,
        0.13328794148,
        0.13121129648,
        0.12787380948,
        0.13181189048,
        0.13147038648,
        0.13028375447999999,
        0.12869001548,
        0.13008827048,
        0.12953502448,
        0.13366403948,
        0.13894559248,
        0.13930999048,
        0.13536958948,
        0.12731414248,
        0.12723789048,
        0.12982948248,
        0.13472802647999998,
        0.13821643147999998,
        0.13490748848,
        0.13273110848,
        0.13419612848
      ],
      "memory_usage_byte": [
        70553600,
        70553600,
        70553600,
        70553600,
        70553600,
        70553600,
        70553600,
        70553600,
        70553600,
        70553600,
        70553600,
        70553600,
        70553600,
        70553600,
        70553600,
        70610944,
        70610944,
        70610944,
        70610944,
        70610944,
        70610944,
        70610944,
        70610944
      ],
      "exit_codes": [
        0,
        0,
        0,
        0,
        0,
        0,
        0,
        0,
        0,
        0,
        0,
        0,
        0,
        0,
        0,
        0,
        0,
        0,
        0,
        0,
        0,
        0,
        0
      ]
    }
  ]
}
