{
  "results": [
    {
      "command": "./bin/yuku_antd",
      "mean": 0.022447067895447162,
      "stddev": 0.002322002823625927,
      "median": 0.02162481218,
      "user": 0.019693558048780476,
      "system": 0.001928816260162601,
      "min": 0.02084335418,
      "max": 0.03313406318,
      "times": [
        0.021534146179999998,
        0.021319937179999998,
        0.02226997918,
        0.02899852118,
        0.02147435418,
        0.02154068718,
        0.02133564518,
        0.02139843718,
        0.02149810418,
        0.02134443818,
        0.02096156218,
        0.02088493718,
        0.02099927018,
        0.02084335418,
        0.02359397918,
        0.02211435418,
        0.02156272918,
        0.02162481218,
        0.02341456218,
        0.02293022918,
        0.02168172918,
        0.02138818718,
        0.02138660418,
        0.030058895180000003,
        0.02174556218,
        0.02157585418,
        0.021751479179999998,
        0.023910145179999998,
        0.02233777118,
        0.02181843818,
        0.02167243818,
        0.02161489518,
        0.02209314518,
        0.02360364618,
        0.02269935418,
        0.02164910418,
        0.02145031318,
        0.02175222918,
        0.02492164618,
        0.02222502118,
        0.021523896179999998,
        0.02153906218,
        0.02353668818,
        0.02235468818,
        0.02177872918,
        0.02152489618,
        0.021376854179999998,
        0.02136560418,
        0.02105235418,
        0.021231104179999998,
        0.02124652118,
        0.02112556218,
        0.02095239618,
        0.02343452118,
        0.02213735418,
        0.02151985418,
        0.02149881218,
        0.02121318718,
        0.02135243818,
        0.02207381318,
        0.031075479179999997,
        0.02267502118,
        0.02146606318,
        0.02307743718,
        0.02607781218,
        0.02174731218,
        0.02143131318,
        0.02133806218,
        0.021136062179999998,
        0.02147447918,
        0.02500847918,
        0.02241631218,
        0.02171627118,
        0.02169281218,
        0.02341264518,
        0.02224939618,
        0.02157827018,
        0.02140177018,
        0.02348456218,
        0.02234539618,
        0.02145489518,
        0.021344187179999998,
        0.02243156318,
        0.02853097918,
        0.02156697918,
        0.02142047918,
        0.02145064618,
        0.02132768718,
        0.02151202018,
        0.02424314518,
        0.02229031218,
        0.021644645179999998,
        0.02168731218,
        0.02161747918,
        0.02141460418,
        0.02276147918,
        0.02419722918,
        0.02175806218,
        0.02183347918,
        0.02172818718,
        0.03232306218,
        0.02174752118,
        0.02149364618,
        0.02104477118,
        0.021506521179999998,
        0.02094981218,
        0.02141047918,
        0.02094052118,
        0.02324164618,
        0.02308185418,
        0.02191418718,
        0.021575896179999998,
        0.021375938179999998,
        0.03265168718,
        0.02204185418,
        0.02163260418,
        0.02163197918,
        0.03313406318,
        0.02151860418,
        0.021485145179999998,
        0.021450395179999998,
        0.02146177018,
        0.02153622918
      ],
      "memory_usage_byte": [
        32735232,
        32735232,
        32735232,
        32735232,
        32735232,
        32735232,
        32735232,
        32735232,
        32735232,
        32735232,
        32735232,
        32735232,
        32735232,
        32735232,
        32735232,
        32735232,
        32735232,
        32735232,
        32735232,
        32735232,
        32735232,
        32735232,
        32735232,
        32735232,
        32735232,
        32735232,
        32735232,
        32735232,
        32735232,
        32735232,
        32735232,
        32735232,
        32735232,
        32735232,
        32735232,
        32735232,
        32735232,
        32735232,
        32735232,
        32735232,
        32735232,
        32735232,
        32735232,
        32735232,
        32735232,
        32735232,
        32735232,
        32735232,
        32735232,
        32735232,
        32735232,
        32735232,
        32735232,
        32735232,
        32735232,
        32735232,
        32735232,
        32735232,
        32735232,
        32735232,
        32735232,
        32735232,
        32735232,
        32735232,
        32735232,
        32735232,
        32735232,
        32735232,
        32735232,
        32735232,
        32735232,
        32735232,
        32735232,
        32735232,
        32735232,
        32735232,
        32735232,
        32735232,
        32735232,
        32735232,
        32735232,
        32735232,
        32735232,
        32735232,
        32735232,
        32735232,
        32735232,
        32735232,
        32735232,
        32735232,
        32735232,
        32735232,
        32735232,
        32735232,
        32735232,
        32735232,
        32735232,
        32735232,
        32735232,
        32735232,
        32735232,
        32735232,
        32735232,
        32735232,
        32735232,
        32735232,
        32735232,
        32735232,
        32735232,
        32735232,
        32735232,
        32735232,
        32735232,
        32735232,
        32735232,
        32735232,
        32735232,
        32735232,
        32735232,
        32735232,
        32735232,
        32735232,
        32735232
      ],
      "exit_codes": [
        0,
        0,
        0,
        0,
        0,
        0,
        0,
        0,
        0,
        0,
        0,
        0,
        0,
        0,
        0,
        0,
        0,
        0,
        0,
        0,
        0,
        0,
        0,
        0,
        0,
        0,
        0,
        0,
        0,
        0,
        0,
        0,
        0,
        0,
        0,
        0,
        0,
        0,
        0,
        0,
        0,
        0,
        0,
        0,
        0,
        0,
        0,
        0,
        0,
        0,
        0,
        0,
        0,
        0,
        0,
        0,
        0,
        0,
        0,
        0,
        0,
        0,
        0,
        0,
        0,
        0,
        0,
        0,
        0,
        0,
        0,
        0,
        0,
        0,
        0,
        0,
        0,
        0,
        0,
        0,
        0,
        0,
        0,
        0,
        0,
        0,
        0,
        0,
        0,
        0,
        0,
        0,
        0,
        0,
        0,
        0,
        0,
        0,
        0,
        0,
        0,
        0,
        0,
        0,
        0,
        0,
        0,
        0,
        0,
        0,
        0,
        0,
        0,
        0,
        0,
        0,
        0,
        0,
        0,
        0,
        0,
        0,
        0
      ]
    },
    {
      "command": "./bin/oxc_antd",
      "mean": 0.023955898630819678,
      "stddev": 0.0029686504570068874,
      "median": 0.02289595868,
      "user": 0.02008945049180328,
      "system": 0.0026987999999999986,
      "min": 0.02106347918,
      "max": 0.038514521180000004,