{
  "results": [
    {
      "command": "./bin/yuku_antd",
      "mean": 0.05847241518000001,
      "stddev": 0.0005071871456471611,
      "median": 0.05833940882,
      "user": 0.0453066,
      "system": 0.01311766,
      "min": 0.057655063320000005,
      "max": 0.059702418320000006,
      "times": [
        0.05924059032,
        0.05920976632,
        0.05908050032000001,
        0.05945310932,
        0.05817516032,
        0.05892852432,
        0.059528421320000004,
        0.05824815732,
        0.05868002832,
        0.05837663832,
        0.05890251532,
        0.058598354320000004,
        0.05802154132,
        0.05916395732,
        0.059289663320000005,
        0.05842999832,
        0.05787215132,
        0.058135856320000005,
        0.058117531320000006,
        0.058008457320000005,
        0.058266963320000004,
        0.058225525320000006,
        0.058012675320000005,
        0.05787481632,
        0.05827296332,
        0.05830217932,
        0.057701310320000004,
        0.057655063320000005,
        0.05821142732,
        0.057954946320000006,
        0.05779422532,
        0.05819451632,
        0.058229312320000004,
        0.05883193332,
        0.058452050320000004,
        0.057884685320000004,
        0.05797812932,
        0.058139572320000006,
        0.05854699832,
        0.05844568832,
        0.059702418320000006,
        0.059061204320000005,
        0.05864859932,
        0.05901347432,
        0.058564221320000005,
        0.05859432732,
        0.058130756320000004,
        0.058206198320000006,
        0.05877611932,
        0.058487536320000005
      ],
      "memory_usage_byte": [
        31936512,
        31936512,
        31936512,
        31936512,
        31936512,
        31936512,
        31936512,
        31936512,
        31936512,
        31936512,
        31936512,
        31936512,
        31936512,
        31936512,
        31936512,
        31936512,
        31936512,
        31936512,
        31936512,
        31936512,
        31936512,
        31936512,
        31936512,
        31936512,
        31936512,
        31936512,
        31936512,
        31936512,
        31936512,
        31936512,
        31936512,
        31936512,
        31936512,
        31936512,
        31936512,
        31936512,
        31936512,
        31936512,
        31936512,
        31936512,
        31936512,
        31936512,
        31936512,
        31936512,
        31936512,
        31936512,
        31936512,
        31936512,
        31936512,
        31936512
      ],
      "exit_codes": [
        0,
        0,
        0,
        0,
        0,
        0,
        0,
        0,
        0,
        0,
        0,
        0,
        0,
        0,
        0,
        0,
        0,
        0,
        0,
        0,
        0,
        0,
        0,
        0,
        0,
        0,
        0,
        0,
        0,
        0,
        0,
        0,
        0,
        0,
        0,
        0,
        0,
        0,
        0,
        0,
        0,
        0,
        0,
        0,
        0,
        0,
        0,
        0,
        0,
        0
      ]
    },
    {
      "command": "./bin/oxc_antd",
      "mean": 0.05814361826117647,
      "stddev": 0.0004870431633006016,
      "median": 0.058015539320000004,
      "user": 0.04130358509803921,
      "system": 0.0167953662745098,
      "min": 0.057413158320000005,
      "max": 0.059455453320000004,
      "times": [
        0.057798111320000005,
        0.057760170320000005,
        0.058125787320000004,
        0.05760248432,
        0.057413158320000005,
        0.05782134432,
        0.05826932532,
        0.05892579932000001,
        0.058514296320000006,
        0.05944699732,
        0.05871392132,
        0.05791625332000001,
        0.058097944320000004,
        0.05768813532,
        0.05878667732,
        0.057605309320000006,
        0.057812127320000004,
        0.05770680932,
        0.05776393732,
        0.05781236732,
        0.05775346732,
        0.05803177032,
        0.05774462132,
        0.058222387320000006,
        0.05795229132,
        0.058687351320000004,
        0.05807835732,
        0.05849093132,
        0.057860178320000004,
        0.05778765132,
        0.058158478320000005,
        0.05800259532,
        0.058280777320000005,
        0.059455453320000004,
        0.059137746320000004,
        0.05802607932000001,
        0.05780405232,
        0.05879937132,
        0.058662474320000005,
        0.05878901232,
        0.058702218320000006,
        0.058103745320000004,
        0.05762576732,
        0.058063429320000005,
        0.058001142320000004,
        0.05780001432,
        0.057958743320000006,
        0.057759418320000006,
        0.05844072832,
        0.057547781320000005,
        0.058015539320000004
      ],
      "memory_usage_byte": [
        42971136,
        42971136,
        42971136,
        42971136,
        42971136,
        42971136,
        42971136,
        42971136,
        42971136,
        42971136,
        42971136,
        42971136,
        42971136,
        42971136,
        42971136,
        42971136,
        42971136,
        42971136,
        42971136,
        42971136,
        42971136,
        42971136,
        42971136,
        42971136,
        42971136,
        42971136,
        42971136,
        42971136,
        42971136,
        42971136,
        42971136,
        42971136,
        42971136,
        42971136,
        42971136,
        42971136,
        42971136,
        42971136,
        42971136,
        42971136,
        42971136,
        42971136,
        42971136,
        42971136,
        42971136,
        42971136,
        42971136,
        42971136,
        42971136,
        42971136,
        42971136
      ],
      "exit_codes": [
        0,
        0,
        0,
        0,
        0,
        0,
        0,
        0,
        0,
        0,
        0,
        0,
        0,
        0,
        0,
        0,
        0,
        0,
        0,
        0,
        0,
        0,
        0,
        0,
        0,
        0,
        0,
        0,
        0,
        0,
        0,
        0,
        0,
        0,
        0,
        0,
        0,
        0,
        0,
        0,
        0,
        0,
        0,
        0,
        0,
        0,
        0,
        0,
        0,
        0,
        0
      ]
    },
    {
      "command": "./bin/swc_antd",
      "mean": 0.12147665694500002,
      "stddev": 0.0008752987963592196,
      "median": 0.12156550932000001,
      "user": 0.09057892333333335,
      "system": 0.030819971666666668,
      "min": 0.12008122832000001,
      "max": 0.12361659532000001,
      "times": [
        0.12159205432000002,
        0.12205265932000002,
        0.12092533332000001,
        0.12175899832000002,
        0.12203152932000001,
        0.12173640532000002,
        0.12015291332000001,
        0.12155717832000001,
        0.12187164632000001,
        0.12257569132000001,
        0.12198949032000002,
        0.12036405932000001,
        0.12123930232000002,
        0.12071026832000001,
        0.12104154032000002,
        0.12217155232000002,
        0.12157384032000002,
        0.12092145632000001,
        0.12008122832000001,
        0.12034174832000001,
        0.12287287932000002,
        0.12077239532000002,
        0.12148900132000001,
        0.12361659532000001
      ],
      "memory_usage_byte": [
        70606848,
        70606848,
        70606848,
        70606848,
        70606848,
        70606848,
        70606848,
        70606848,
        70606848,
        70606848,
        70606848,
        70606848,
        70606848,
        70606848,
        70606848,
        70606848,
        70606848,
        70606848,
        70606848,
        70606848,
        70606848,
        70606848,
        70606848,
        70606848
      ],