{
  "results": [
    {
      "command": "./bin/yuku_antd",
      "mean": 0.02094015906920636,
      "stddev": 0.0002742888441975961,
      "median": 0.02087039272,
      "user": 0.01935555746031746,
      "system": 0.0013711930158730157,
      "min": 0.02061512172,
      "max": 0.022465496720000002,
      "times": [
        0.02097766372,
        0.02091816272,
        0.02100724672,
        0.020824580720000003,
        0.020821996720000003,
        0.02141041272,
        0.021407205720000003,
        0.021145954720000002,
        0.021821121720000003,
        0.021022912720000002,
        0.02097583072,
        0.020945871720000002,
        0.02125245572,
        0.02093382972,
        0.020683371720000003,
        0.020721787720000003,
        0.02080687172,
        0.02089157972,
        0.02084112172,
        0.02078537172,
        0.02089649672,
        0.02080045472,
        0.020826663720000003,
        0.020654830720000003,
        0.02078183072,
        0.02083078872,
        0.02103828772,
        0.02096941272,
        0.02093295472,
        0.020826413720000003,
        0.02085633072,
        0.02114745472,
        0.02133324672,
        0.02106887172,
        0.02084370572,
        0.02081999672,
        0.021018080720000002,
        0.02108287172,
        0.020786121720000002,
        0.02092141372,
        0.02076128872,
        0.020757829720000003,
        0.020918871720000003,
        0.020741371720000002,
        0.022465496720000002,
        0.02145074672,
        0.02132145472,
        0.021926163720000003,
        0.021343954720000002,
        0.021222413720000003,
        0.02089832972,
        0.02094770472,
        0.020951829720000002,
        0.020722579720000002,
        0.02105395472,
        0.02083908072,
        0.021071746720000003,
        0.020777788720000002,
        0.02081587172,
        0.020951037720000003,
        0.020890746720000002,
        0.020835871720000003,
        0.020992163720000002,
        0.02095095472,
        0.020805288720000002,
        0.02103449672,
        0.020738621720000003,
        0.020843912720000003,
        0.02103133072,
        0.021135830720000002,
        0.021005746720000003,
        0.02085270472,
        0.02090562172,
        0.02070732972,
        0.020764954720000003,
        0.02077562172,
        0.02092116372,
        0.02061512172,
        0.02069062172,
        0.020840913720000003,
        0.020635037720000002,
        0.020799454720000003,
        0.02071641372,
        0.02076724672,
        0.02099691272,
        0.02063883072,
        0.02087187172,
        0.02069837172,
        0.02063041372,
        0.02138033072,
        0.021268746720000002,
        0.020897246720000002,
        0.020797912720000002,
        0.02079157972,
        0.02099999672,
        0.021999163720000003,
        0.02064691272,
        0.02111912172,
        0.02111641272,
        0.020765454720000003,
        0.02075170472,
        0.02080753872,
        0.020931163720000003,
        0.02095528772,
        0.020939621720000003,
        0.02098037172,
        0.02092578872,
        0.02095449672,
        0.02116078772,
        0.020810329720000003,
        0.020863371720000003,
        0.020823038720000003,
        0.02115641272,
        0.02082349672,
        0.02071378872,
        0.020757829720000003,
        0.020668746720000002,
        0.02087482972,
        0.020721371720000003,
        0.02073595472,
        0.02080545472,
        0.02079895572,
        0.02081349672,
        0.02086891372,
        0.02071262172,
        0.02065712172
      ],
      "memory_usage_byte": [
        32718848,
        32718848,
        32718848,
        32718848,
        32718848,
        32718848,
        32718848,
        32718848,
        32718848,
        32718848,
        32718848,
        32718848,
        32718848,
        32718848,
        32718848,
        32718848,
        32718848,
        32718848,
        32718848,
        32718848,
        32718848,
        32718848,
        32718848,
        32718848,
        32718848,
        32718848,
        32718848,
        32718848,
        32718848,
        32718848,
        32718848,
        32718848,
        32718848,
        32718848,
        32718848,
        32718848,
        32718848,
        32718848,
        32718848,
        32718848,
        32718848,
        32718848,
        32718848,
        32718848,
        32718848,
        32718848,
        32718848,
        32718848,
        32718848,
        32718848,
        32718848,
        32718848,
        32718848,
        32718848,
        32718848,
        32718848,
        32718848,
        32718848,
        32718848,
        32718848,
        32718848,
        32718848,
        32718848,
        32718848,
        32718848,
        32718848,
        32718848,
        32718848,
        32718848,
        32718848,
        32718848,
        32718848,
        32718848,
        32718848,
        32718848,
        32718848,
        32718848,
        32718848,
        32718848,
        32718848,
        32718848,
        32718848,
        32718848,
        32718848,
        32718848,
        32718848,
        32718848,
        32718848,
        32718848,
        32718848,
        32718848,
        32718848,
        32718848,
        32718848,
        32718848,
        32718848,
        32718848,
        32718848,
        32718848,
        32718848,
        32718848,
        32718848,
        32718848,
        32718848,
        32718848,
        32718848,
        32718848,
        32718848,
        32718848,
        32718848,
        32718848,
        32718848,
        32718848,
        32718848,
        32718848,
        32718848,
        32718848,
        32718848,
        32718848,
        32718848,
        32718848,
        32718848,
        32718848,
        32718848,
        32718848,
        32718848
      ],
      "exit_codes": [
        0,
        0,
        0,
        0,
        0,
        0,
        0,
        0,
        0,
        0,
        0,
        0,
        0,
        0,
        0,
        0,
        0,
        0,
        0,
        0,
        0,
        0,
        0,
        0,
        0,
        0,
        0,
        0,
        0,
        0,
        0,
        0,
        0,
        0,
        0,
        0,
        0,
        0,
        0,
        0,
        0,
        0,
        0,
        0,
        0,
        0,
        0,
        0,
        0,
        0,
        0,
        0,
        0,
        0,
        0,
        0,
        0,
        0,
        0,
        0,
        0,
        0,
        0,
        0,
        0,
        0,
        0,
        0,
        0,
        0,
        0,
        0,
        0,
        0,
        0,
        0,
        0,
        0,
        0,
        0,
        0,
        0,
        0,
        0,
        0,
        0,
        0,
        0,
        0,
        0,
        0,
        0,
        0,
        0,
        0,
        0,
        0,
        0,
        0,
        0,
        0,
        0,
        0,
        0,
        0,
        0,
        0,
        0,
        0,
        0,
        0,
        0,
        0,
        0,
        0,
        0,
        0,
        0,
        0,
        0,
        0,
        0,
        0,
        0,
        0,
        0
      ]
    },
    {
      "command": "./bin/oxc_antd",
      "mean": 0.021802369883793103,
      "stddev": 0.0012029249874160968,
      "median": 0.021397142220000002,
      "user": 0.019221421034482756,
      "system": 0.0021595699999999995,
      "min": 0.02099582972,
      "max": 0.02931716372,