{
  "results": [
    {
      "command": "./bin/yuku_antd",
      "mean": 0.023360840724347832,
      "stddev": 0.0002380063216199354,
      "median": 0.023309395020000002,
      "user": 0.021077567826086958,
      "system": 0.0018158086956521738,
      "min": 0.02307185302,
      "max": 0.024291645020000002,
      "times": [
        0.02345418702,
        0.02356622802,
        0.02346389502,
        0.02332952002,
        0.023309395020000002,
        0.02340347802,
        0.023296020020000002,
        0.023312479020000002,
        0.02314643702,
        0.02333356202,
        0.023333645020000002,
        0.023380436020000003,
        0.023305979020000003,
        0.02335610302,
        0.023285145020000002,
        0.02336556202,
        0.02328660402,
        0.02327639502,
        0.02330827002,
        0.023204729020000002,
        0.023181270020000002,
        0.02330347802,
        0.02317147902,
        0.02336518702,
        0.02309977002,
        0.02334585302,
        0.02331022902,
        0.023208604020000002,
        0.02308781102,
        0.02340918702,
        0.023229770020000002,
        0.023422728020000002,
        0.023443353020000002,
        0.024291645020000002,
        0.02407660402,
        0.024129686020000003,
        0.02363402002,
        0.02323164502,
        0.02338077002,
        0.02333639502,
        0.02316122902,
        0.02327960302,
        0.02320677002,
        0.02330285402,
        0.023123811020000003,
        0.02310456202,
        0.02326960402,
        0.02340431202,
        0.02329022902,
        0.02332443702,
        0.02323747802,
        0.023347645020000002,
        0.02410085402,
        0.023407936020000002,
        0.023388728020000003,
        0.02316677002,
        0.023240645020000002,
        0.023339853020000002,
        0.02338097902,
        0.02342639502,
        0.02310843702,
        0.02342152002,
        0.02310439502,
        0.023199812020000002,
        0.02329660402,
        0.02355364502,
        0.02385964502,
        0.02351860302,
        0.02349497802,
        0.02356306202,
        0.02341802002,
        0.02337581102,
        0.023203687020000002,
        0.02313047802,
        0.02321893702,
        0.02314368702,
        0.023334020020000002,
        0.02316289502,
        0.02332581202,
        0.023258936020000003,
        0.02350381202,
        0.02310660402,
        0.02307185302,
        0.02326264502,
        0.02337839502,
        0.023200562020000003,
        0.02320793602,
        0.02321897802,
        0.02331931202,
        0.02320597802,
        0.023722395020000002,
        0.02386352002,
        0.02320814502,
        0.023466020020000002,
        0.023113562020000002,
        0.02323802002,
        0.02335052002,
        0.02391997802,
        0.02413777002,
        0.023657436020000002,
        0.02378227002,
        0.02323372802,
        0.02326435302,
        0.023213937020000002,
        0.023297312020000002,
        0.02314260302,
        0.02337377002,
        0.023146479020000003,
        0.02346131202,
        0.02372972902,
        0.023386145020000002,
        0.02324743702,
        0.02325943602,
        0.023145978020000003,
        0.02308352002
      ],
      "exit_codes": [
        0,
        0,
        0,
        0,
        0,
        0,
        0,
        0,
        0,
        0,
        0,
        0,
        0,
        0,
        0,
        0,
        0,
        0,
        0,
        0,
        0,
        0,
        0,
        0,
        0,
        0,
        0,
        0,
        0,
        0,
        0,
        0,
        0,
        0,
        0,
        0,
        0,
        0,
        0,
        0,
        0,
        0,
        0,
        0,
        0,
        0,
        0,
        0,
        0,
        0,
        0,
        0,
        0,
        0,
        0,
        0,
        0,
        0,
        0,
        0,
        0,
        0,
        0,
        0,
        0,
        0,
        0,
        0,
        0,
        0,
        0,
        0,
        0,
        0,
        0,
        0,
        0,
        0,
        0,
        0,
        0,
        0,
        0,
        0,
        0,
        0,
        0,
        0,
        0,
        0,
        0,
        0,
        0,
        0,
        0,
        0,
        0,
        0,
        0,
        0,
        0,
        0,
        0,
        0,
        0,
        0,
        0,
        0,
        0,
        0,
        0,
        0,
        0,
        0,
        0
      ]
    },
    {
      "command": "./bin/oxc_antd",
      "mean": 0.024077590256842123,
      "stddev": 0.004256753503750071,
      "median": 0.02361866652,
      "user": 0.020562584912280704,
      "system": 0.0025160964912280723,
      "min": 0.02335739502,
      "max": 0.06903093702,
      "times": [
        0.02352818602,
        0.02366331202,
        0.02358731102,
        0.02373218702,
        0.023800687020000003,
        0.02370068702,
        0.02383639502,
        0.02370910402,
        0.02371872802,
        0.02379597902,
        0.02344810302,
        0.023651853020000002,
        0.02361997902,
        0.023635103020000003,
        0.02336218702,
        0.025006145020000002,
        0.024069229020000003,
        0.023620979020000002,
        0.02380514502,
        0.02351006202,
        0.023678436020000002,
        0.02363456202,
        0.02340227002,
        0.02348268702,
        0.023436478020000002,
        0.02373697902,
        0.02371922902,
        0.023845978020000002,
        0.02432397902,
        0.02381856202,
        0.02379068702,
        0.02341681202,
        0.02371814502,
        0.023558103020000002,
        0.023457854020000002,
        0.02340977002,
        0.023685311020000002,
        0.02362543702,
        0.02349435402,
        0.02335739502,
        0.023721062020000003,
        0.02352368602,
        0.02362535302,
        0.023651562020000003,
        0.02359002002,
        0.02363727002,
        0.06903093702,
        0.02465218702,
        0.024032561020000003,
        0.02372518602,
        0.024505729020000002,
        0.02419014502,
        0.02348318702,
        0.023612020020000003,
        0.02356477002,
        0.023739729020000003,
        0.023625145020000002,
        0.02390839502,
        0.02382622802,
        0.02359277002,
        0.02390039502,
        0.02362002002,
        0.02364039502,
        0.023635645020000002,
        0.023434270020000002,
        0.02353989502,
        0.02376718702,
        0.02371802002,
        0.02360868702,
        0.023440853020000003,
        0.023426353020000002,
        0.023724562020000003,
        0.023548479020000002,
        0.023471978020000003,
        0.02353764502,
        0.02359272902,
        0.023617354020000002,
        0.02351835302,
        0.02341802002,
        0.02343414502,
        0.02351756202,
        0.02357822902,
        0.02355552002,
        0.02354231102,
        0.023541895020000002,
        0.023440228020000002,
        0.023661562020000002,
        0.023516353020000002,
        0.02420027002,
        0.02460981202,
        0.02400452002,
        0.023521395020000002,
        0.023561062020000002,
        0.02346877002,
        0.02356531202,
        0.02353289502,
        0.02353985302,
        0.02352664502,
        0.023366186020000002,
        0.02343443702,
        0.02362743602,
        0.02389281102,
        0.023607103020000002,
        0.024417061020000002,
        0.02411560302,
        0.02358072802,
        0.023431645020000003,
        0.02347668702,
        0.02345856202,
        0.02361468702,
        0.02408227002,
        0.02365206202,
        0.02341889502,
        0.02355760402
      ],