{
  "results": [
    {
      "command": "./bin/yuku_antd",
      "mean": 0.02445546373217391,
      "stddev": 0.0017872203593235264,
      "median": 0.023932300280000006,
      "user": 0.02179115913043478,
      "system": 0.002065239130434783,
      "min": 0.023246966280000003,
      "max": 0.03715617428,
      "times": [
        0.02336355028,
        0.024159508280000005,
        0.023982508280000002,
        0.024009842280000006,
        0.02393971728,
        0.023909008280000005,
        0.02401996628,
        0.023893175280000005,
        0.02391467428,
        0.023932300280000006,
        0.02418405028,
        0.02403079928,
        0.02450121728,
        0.02397763328,
        0.02358730028,
        0.02421309128,
        0.02383138328,
        0.023907258280000003,
        0.02387600828,
        0.024005467280000005,
        0.02369834228,
        0.023780717280000002,
        0.023660883280000003,
        0.02368950828,
        0.02353988328,
        0.023513300280000003,
        0.023534758280000005,
        0.023440383280000004,
        0.023890341280000005,
        0.02365367528,
        0.023636758280000003,
        0.023507133280000002,
        0.02379246728,
        0.02356292528,
        0.02380567528,
        0.02378234128,
        0.023874008280000004,
        0.023246966280000003,
        0.02347680028,
        0.02395846628,
        0.023707550280000003,
        0.023703133280000004,
        0.023648842280000006,
        0.023981133280000004,
        0.02369830028,
        0.023609050280000002,
        0.023448966280000004,
        0.02370113328,
        0.02348571628,
        0.02375538328,
        0.023591592280000004,
        0.023698508280000002,
        0.023843216280000003,
        0.023508091280000004,
        0.02366125828,
        0.02337909128,
        0.023601175280000004,
        0.023743550280000005,
        0.023580008280000002,
        0.02376496628,
        0.023787092280000005,
        0.023815424280000004,
        0.02351804928,
        0.023962008280000002,
        0.024147341280000005,
        0.024327050280000005,
        0.026244175280000004,
        0.025265925280000004,
        0.02392267528,
        0.024010174280000005,
        0.023519591280000002,
        0.02386563328,
        0.023915258280000004,
        0.023800633280000004,
        0.02395459228,
        0.023419216280000002,
        0.02366284128,
        0.023959633280000003,
        0.02418021628,
        0.02444417428,
        0.02426134228,
        0.024711758280000003,
        0.026955841280000004,
        0.03715617428,
        0.025917967280000002,
        0.029186716280000004,
        0.031751008280000007,
        0.030997508280000002,
        0.029064008280000005,
        0.025406008280000003,
        0.024728842280000003,
        0.024455217280000004,
        0.02441000828,
        0.024941925280000006,
        0.02458375828,
        0.02557080028,
        0.02503759128,
        0.02539629928,
        0.02513975828,
        0.02554196628,
        0.02641134128,
        0.024659133280000002,
        0.02443950828,
        0.02530496628,
        0.024809508280000003,
        0.025373008280000005,
        0.024650591280000002,
        0.02444675828,
        0.02452879928,
        0.02427146628,
        0.02436692428,
        0.02431092528,
        0.02429146628,
        0.02376913328,
        0.02441413328
      ],
      "exit_codes": [
        0,
        0,
        0,
        0,
        0,
        0,
        0,
        0,
        0,
        0,
        0,
        0,
        0,
        0,
        0,
        0,
        0,
        0,
        0,
        0,
        0,
        0,
        0,
        0,
        0,
        0,
        0,
        0,
        0,
        0,
        0,
        0,
        0,
        0,
        0,
        0,
        0,
        0,
        0,
        0,
        0,
        0,
        0,
        0,
        0,
        0,
        0,
        0,
        0,
        0,
        0,
        0,
        0,
        0,
        0,
        0,
        0,
        0,
        0,
        0,
        0,
        0,
        0,
        0,
        0,
        0,
        0,
        0,
        0,
        0,
        0,
        0,
        0,
        0,
        0,
        0,
        0,
        0,
        0,
        0,
        0,
        0,
        0,
        0,
        0,
        0,
        0,
        0,
        0,
        0,
        0,
        0,
        0,
        0,
        0,
        0,
        0,
        0,
        0,
        0,
        0,
        0,
        0,
        0,
        0,
        0,
        0,
        0,
        0,
        0,
        0,
        0,
        0,
        0,
        0
      ]
    },
    {
      "command": "./bin/oxc_antd",
      "mean": 0.024353448206605496,
      "stddev": 0.0005153065553180497,
      "median": 0.024271342280000004,
      "user": 0.020836952110091726,
      "system": 0.0027715256880733955,
      "min": 0.02331579928,
      "max": 0.026029924280000005,