{
  "results": [
    {
      "command": "./bin/yuku_antd",
      "mean": 0.024540249738165133,
      "stddev": 0.004885933520008251,
      "median": 0.022793139940000002,
      "user": 0.020816461467889905,
      "system": 0.001900204770642202,
      "min": 0.02077359794,
      "max": 0.052222305940000005,
      "times": [
        0.024690513940000002,
        0.024413930940000002,
        0.022073055940000003,
        0.02120276394,
        0.021354305940000002,
        0.02121818094,
        0.02175513994,
        0.02913801394,
        0.03125772294,
        0.03434218094,
        0.052222305940000005,
        0.02685918094,
        0.03131822194,
        0.02537513894,
        0.025812305940000002,
        0.02639188894,
        0.024729389940000002,
        0.02852630594,
        0.02538118094,
        0.02291380594,
        0.02609859694,
        0.02619009794,
        0.02889334794,
        0.024541222940000003,
        0.030536763940000003,
        0.02450930594,
        0.02452105594,
        0.02428897294,
        0.02173755594,
        0.022720013940000002,
        0.022358972940000003,
        0.02160238894,
        0.02176722194,
        0.02133213994,
        0.02142547194,
        0.020842722940000002,
        0.020864639940000002,
        0.02089176494,
        0.02077359794,
        0.022793139940000002,
        0.02406513894,
        0.026324263940000002,
        0.03473155594,
        0.02693184694,
        0.02160772294,
        0.024910930940000003,
        0.02486251394,
        0.024564055940000003,
        0.024579222940000003,
        0.025190763940000003,
        0.02400780594,
        0.02537497194,
        0.02526505594,
        0.02224434694,
        0.024983930940000003,
        0.02356126394,
        0.02359026394,
        0.02268297194,
        0.02222743094,
        0.02241905594,
        0.021401513940000002,
        0.02127901394,
        0.02153080594,
        0.021274389940000003,
        0.021409930940000002,
        0.02114038894,
        0.02098830594,
        0.02136209794,
        0.021087180940000002,
        0.021082763940000002,
        0.020916889940000002,
        0.02317834794,
        0.02602230594,
        0.02413759794,
        0.02523676494,
        0.042968680940000004,
        0.03387622194,
        0.022120930940000002,
        0.02235726494,
        0.02146305594,
        0.021966847940000003,
        0.021280763940000003,
        0.02158047294,
        0.02118797194,
        0.021004430940000002,
        0.02086251394,
        0.02098451494,
        0.02164222194,
        0.02175918094,
        0.02095397294,
        0.021149680940000002,
        0.020979680940000002,
        0.02098076494,
        0.02087393094,
        0.02118918094,
        0.02088518094,
        0.02141388994,
        0.021415638940000002,
        0.02225638894,
        0.025774596940000002,
        0.03347163994,
        0.04166293094,
        0.028189305940000003,
        0.02758018094,
        0.026938347940000003,
        0.02574497194,
        0.02581843094,
        0.02862284794,
        0.02809263894
      ],
      "memory_usage_byte": [
        32702464,
        32702464,
        32702464,
        32702464,
        32702464,
        32702464,
        32702464,
        32702464,
        32702464,
        32702464,
        32702464,
        32702464,
        32702464,
        32702464,
        32702464,
        32702464,
        32702464,
        32702464,
        32817152,
        32817152,
        32817152,
        32817152,
        32817152,
        32817152,
        32817152,
        32817152,
        32817152,
        32817152,
        32817152,
        32817152,
        32817152,
        32817152,
        32817152,
        32817152,
        32817152,
        32817152,
        32817152,
        32817152,
        32817152,
        32817152,
        32817152,
        32817152,
        32817152,
        32817152,
        32817152,
        32817152,
        32817152,
        32817152,
        32817152,
        32817152,
        32817152,
        32817152,
        32817152,
        32817152,
        32817152,
        32817152,
        32817152,
        32817152,
        32817152,
        32817152,
        32817152,
        32817152,
        32817152,
        32817152,
        32817152,
        32817152,
        32817152,
        32817152,
        32817152,
        32817152,
        32817152,
        32817152,
        32817152,
        32817152,
        32817152,
        32817152,
        32817152,
        32817152,
        32817152,
        32817152,
        32817152,
        32817152,
        32817152,
        32817152,
        32817152,
        32817152,
        32817152,
        32817152,
        32817152,
        32817152,
        32817152,
        32817152,
        32817152,
        32817152,
        32817152,
        32817152,
        32817152,
        32817152,
        32817152,
        32817152,
        32817152,
        32817152,
        32817152,
        32817152,
        32817152,
        32817152,
        32817152,
        32817152,
        32817152
      ],
      "exit_codes": [
        0,
        0,
        0,
        0,
        0,
        0,
        0,
        0,
        0,
        0,
        0,
        0,
        0,
        0,
        0,
        0,
        0,
        0,
        0,
        0,
        0,
        0,
        0,
        0,
        0,
        0,
        0,
        0,
        0,
        0,
        0,
        0,
        0,
        0,
        0,
        0,
        0,
        0,
        0,
        0,
        0,
        0,
        0,
        0,
        0,
        0,
        0,
        0,
        0,
        0,
        0,
        0,
        0,
        0,
        0,
        0,
        0,
        0,
        0,
        0,
        0,
        0,
        0,
        0,
        0,
        0,
        0,
        0,
        0,
        0,
        0,
        0,
        0,
        0,
        0,
        0,
        0,
        0,
        0,
        0,
        0,
        0,
        0,
        0,
        0,
        0,
        0,
        0,
        0,
        0,
        0,
        0,
        0,
        0,
        0,
        0,
        0,
        0,
        0,
        0,
        0,
        0,
        0,
        0,
        0,
        0,
        0,
        0,
        0
      ]
    },
    {
      "command": "./bin/oxc_antd",
      "mean": 0.021386173899677435,
      "stddev": 0.0007803343373644135,
      "median": 0.021196222940000002,
      "user": 0.01900666774193549,
      "system": 0.0020573832258064507,
      "min": 0.02090255594,
      "max": 0.027423596940000003,