{
  "results": [
    {
      "command": "./bin/yuku_typescript",
      "mean": 0.08216886141444446,
      "stddev": 0.0006166004042460487,
      "median": 0.08205013872,
      "user": 0.06649959666666666,
      "system": 0.015617946666666663,
      "min": 0.08150214822,
      "max": 0.08418160522000001,
      "times": [
        0.08163579822,
        0.08247504922000001,
        0.08202989622000001,
        0.08169535022,
        0.08186489722000001,
        0.08222113422,
        0.08215393822,
        0.08210509722,
        0.08196875222000001,
        0.08212004422000001,
        0.08203765122000001,
        0.08390168322000001,
        0.08203542622000001,
        0.08150214822,
        0.08172978422,
        0.08154766322000001,
        0.08162557922000001,
        0.08233866422000001,
        0.08165148822000001,
        0.08187099922,
        0.08211407422,
        0.08174915022000001,
        0.08418160522000001,
        0.08205276822,
        0.08385683622000001,
        0.08230348922000001,
        0.08217141122,
        0.08196458422000001,
        0.08206608322,
        0.08204750922000001,
        0.08170017822,
        0.08239955822,
        0.08221626522,
        0.08266687922,
        0.08185554922,
        0.08222202522000001
      ],
      "memory_usage_byte": [
        41652224,
        41652224,
        41652224,
        41652224,
        41652224,
        41652224,
        41652224,
        41652224,
        41652224,
        41652224,
        41652224,
        41652224,
        41652224,
        41652224,
        41652224,
        41652224,
        41652224,
        41652224,
        41652224,
        41652224,
        41652224,
        41652224,
        41652224,
        41652224,
        41652224,
        41652224,
        41652224,
        41652224,
        41652224,
        41652224,
        41652224,
        41652224,
        41652224,
        41652224,
        41652224,
        41652224
      ],
      "exit_codes": [
        0,
        0,
        0,
        0,
        0,
        0,
        0,
        0,
        0,
        0,
        0,
        0,
        0,
        0,
        0,
        0,
        0,
        0,
        0,
        0,
        0,
        0,
        0,
        0,
        0,
        0,
        0,
        0,
        0,
        0,
        0,
        0,
        0,
        0,
        0,
        0
      ]
    },
    {
      "command": "./bin/oxc_typescript",
      "mean": 0.07642240739948718,
      "stddev": 0.0015619523040175326,
      "median": 0.07607517722000001,
      "user": 0.05541257743589743,
      "system": 0.02095835692307693,
      "min": 0.07525874822,
      "max": 0.08373476822,
      "times": [
        0.07573386822,
        0.07639697922000001,
        0.07607517722000001,
        0.07658117422,
        0.07600758022000001,
        0.07532878022,
        0.07566147222000001,
        0.07610462222,
        0.07618767822000001,
        0.07596009122000001,
        0.08373476822,
        0.08134480322000001,
        0.07699488922,
        0.07727988322000001,
        0.07739032922000001,
        0.07686680022,
        0.07644111222000001,
        0.07660692222000001,
        0.07544991622000001,
        0.07566504922,
        0.07682940922,
        0.07576205122,
        0.07562075622,
        0.07674262722000001,
        0.07543933722,
        0.07585628722000001,
        0.07638527822,
        0.07581289622000001,
        0.07614928622,
        0.07612394822,
        0.07601484422,
        0.07528771222000001,
        0.07540034422000001,
        0.07525874822,
        0.07608230022000001,
        0.07563392022000001,
        0.07605083122,
        0.07577368222,
        0.07643773222000001
      ],
      "memory_usage_byte": [
        55398400,
        55398400,
        55398400,
        55398400,
        55398400,
        55398400,
        55398400,
        55398400,
        55398400,
        55398400,
        55398400,
        55398400,
        55398400,
        55398400,
        55398400,
        55398400,
        55398400,
        55398400,
        55398400,
        55398400,
        55398400,
        55398400,
        55398400,
        55398400,
        55398400,
        55398400,
        55398400,
        55398400,
        55398400,
        55398400,
        55398400,
        55398400,
        55398400,
        55398400,
        55398400,
        55398400,
        55398400,
        55398400,
        55398400
      ],
      "exit_codes": [
        0,
        0,
        0,
        0,
        0,
        0,
        0,
        0,
        0,
        0,
        0,
        0,
        0,
        0,
        0,
        0,
        0,
        0,
        0,
        0,
        0,
        0,
        0,
        0,
        0,
        0,
        0,
        0,
        0,
        0,
        0,
        0,
        0,
        0,
        0,
        0,
        0,
        0,
        0
      ]
    },
    {
      "command": "./bin/swc_typescript",
      "mean": 0.16634525727882354,
      "stddev": 0.0010591590295193226,
      "median": 0.16645572722,
      "user": 0.12490903294117649,
      "system": 0.04135204470588234,
      "min": 0.16448435622,
      "max": 0.16829711422,
      "times": [
        0.16726075222,
        0.16482040622,
        0.16708042722,
        0.16580786522,
        0.16703982022,
        0.16802772022,
        0.16540125322,
        0.16697813522,
        0.16666962722,
        0.16627163222,
        0.16599890122,
        0.16645572722,
        0.16648286722,
        0.16530532422,
        0.16829711422,
        0.16548744422,
        0.16448435622
      ],
      "memory_usage_byte": [
        94060544,
        94060544,
        94060544,
        94060544,
        94060544,
        94060544,
        94060544,
        94060544,
        94060544,
        94060544,
        94060544,
        94060544,
        94060544,
        94060544,
        94060544,
        94060544,
        94060544
      ],
      "exit_codes": [
        0,
        0,
        0,
        0,
        0,
        0,
        0,
        0,
        0,
        0,
        0,
        0,
        0,
        0,
        0,
        0,
        0
      ]
    },
    {
      "command": "./bin/jam_typescript",
      "mean": 0.1987279021533333,
      "stddev": 0.0008673602528158506,
      "median": 0.19853441322,
      "user": 0.11339641333333332,
      "system": 0.08526354666666666,
      "min": 0.19759178822,
      "max": 0.20127896122,
      "times": [
        0.19836485522,
        0.19870587422,
        0.19825363922,
        0.19853441322,
        0.19759178822,
        0.19948429122,
        0.19828949522,
        0.19918952922,
        0.20127896122,
        0.19795216322,
        0.19843810322,
        0.19915099722,
        0.19902347922,
        0.19854683622,
        0.19811410622
      ],
      "memory_usage_byte": [
        195129344,
        195129344,
        195129344,
        195129344,
        195129344,
        195129344,
        195129344,
        195129344,
        195129344,
        195129344,
        195129344,
        195129344,
        195129344,
        195129344,
        195129344
      ],
      "exit_codes": [
        0,
        0,
        0,
        0,
        0,
        0,
        0,
        0,
        0,
        0,
        0,
        0,
        0,
        0,
        0
      ]
    }
  ]
}
