{
  "results": [
    {
      "command": "./bin/yuku_typescript",
      "mean": 0.07679996212842106,
      "stddev": 0.0019809768163693703,
      "median": 0.07635767976,
      "user": 0.05861408315789472,
      "system": 0.018135495789473686,
      "min": 0.07568069026,
      "max": 0.08800390126,
      "times": [
        0.07684430326000001,
        0.07710067126,
        0.07632569526,
        0.07639398226,
        0.07632486326,
        0.07619285726000001,
        0.07657116326,
        0.07711519926,
        0.07674695226,
        0.07655683726000001,
        0.07624919226,
        0.07568069026,
        0.07598270426,
        0.07596457026,
        0.07589467026,
        0.07588602326,
        0.07664891826,
        0.07940741926,
        0.07606854526000001,
        0.07585558726000001,
        0.07674751226000001,
        0.07611977026000001,
        0.07603779726000001,
        0.07610861026,
        0.07623663826,
        0.08800390126,
        0.07624733826,
        0.07571889226,
        0.07595278826,
        0.07611268726,
        0.07700909126000001,
        0.07686029326,
        0.07749803426,
        0.07688724426,
        0.07669113726,
        0.07734305426,
        0.07662326126,
        0.07638966426
      ],
      "memory_usage_byte": [
        41623552,
        41623552,
        41623552,
        41623552,
        41623552,
        41623552,
        41623552,
        41623552,
        41623552,
        41623552,
        41623552,
        41623552,
        41623552,
        41623552,
        41623552,
        41623552,
        41623552,
        41623552,
        41623552,
        41623552,
        41623552,
        41623552,
        41623552,
        41623552,
        41623552,
        41623552,
        41623552,
        41623552,
        41623552,
        41623552,
        41623552,
        41623552,
        41623552,
        41623552,
        41623552,
        41623552,
        41623552,
        41623552
      ],
      "exit_codes": [
        0,
        0,
        0,
        0,
        0,
        0,
        0,
        0,
        0,
        0,
        0,
        0,
        0,
        0,
        0,
        0,
        0,
        0,
        0,
        0,
        0,
        0,
        0,
        0,
        0,
        0,
        0,
        0,
        0,
        0,
        0,
        0,
        0,
        0,
        0,
        0,
        0,
        0
      ]
    },
    {
      "command": "./bin/oxc_typescript",
      "mean": 0.07441578902923077,
      "stddev": 0.0006364159567020398,
      "median": 0.07433309526000001,
      "user": 0.05089206358974359,
      "system": 0.023461423589743593,
      "min": 0.07343160326,
      "max": 0.07623434626,
      "times": [
        0.07446733726,
        0.07394965026,
        0.07407364126,
        0.07353197926,
        0.07428563726000001,
        0.07390724026,
        0.07408309926000001,
        0.07413966426,
        0.07471842626000001,
        0.07429030626000001,
        0.07452924226,
        0.07433309526000001,
        0.07433805426000001,
        0.07382015826,
        0.07400756826,
        0.07441911726,
        0.07485750626000001,
        0.07484311526000001,
        0.07479045026,
        0.07398661926000001,
        0.07411000826,
        0.07444319126,
        0.07512281026,
        0.07486698326,
        0.07363626526,
        0.07343160326,
        0.07384279026,
        0.07403985826000001,
        0.07387557126000001,
        0.07447197526,
        0.07582437026000001,
        0.07473435526000001,
        0.07376193926,
        0.07601848326,
        0.07384758926,
        0.07493004026000001,
        0.07479092126,
        0.07486076226,
        0.07623434626
      ],
      "memory_usage_byte": [
        55398400,
        55398400,
        55398400,
        55398400,
        55398400,
        55398400,
        55398400,
        55398400,
        55398400,
        55398400,
        55398400,
        55398400,
        55398400,
        55398400,
        55398400,
        55398400,
        55398400,
        55398400,
        55398400,
        55398400,
        55398400,
        55398400,
        55398400,
        55398400,
        55398400,
        55398400,
        55398400,
        55398400,
        55398400,
        55398400,
        55398400,
        55398400,
        55398400,
        55398400,
        55398400,
        55398400,
        55398400,
        55398400,
        55398400
      ],
      "exit_codes": [
        0,
        0,
        0,
        0,
        0,
        0,
        0,
        0,
        0,
        0,
        0,
        0,
        0,
        0,
        0,
        0,
        0,
        0,
        0,
        0,
        0,
        0,
        0,
        0,
        0,
        0,
        0,
        0,
        0,
        0,
        0,
        0,
        0,
        0,
        0,
        0,
        0,
        0,
        0
      ]
    },
    {
      "command": "./bin/swc_typescript",
      "mean": 0.16227306592666668,
      "stddev": 0.002596972585815396,
      "median": 0.16201958976000003,
      "user": 0.11975215333333332,
      "system": 0.042445180000000006,
      "min": 0.15651619526000002,
      "max": 0.16746249126,
      "times": [
        0.15770086626000002,
        0.16142796726,
        0.16199211026000002,
        0.16171024426000002,
        0.16240795626,
        0.16182485826,
        0.15651619526000002,
        0.16061645226000001,
        0.16183069926000002,
        0.16124482526,
        0.16260579726000002,
        0.16204706926,
        0.16280586726000001,
        0.16315748326,
        0.16513242026000002,
        0.16746249126,
        0.16611724926000002,
        0.16431463426
      ],
      "memory_usage_byte": [
        94101504,
        94101504,
        94101504,
        94101504,
        94101504,
        94101504,
        94101504,
        94101504,
        94101504,
        94101504,
        94101504,
        94101504,
        94101504,
        94101504,
        94101504,
        94101504,
        94101504,
        94101504
      ],
      "exit_codes": [
        0,
        0,
        0,
        0,
        0,
        0,
        0,
        0,
        0,
        0,
        0,
        0,
        0,
        0,
        0,
        0,
        0,
        0
      ]
    },
    {
      "command": "./bin/jam_typescript",
      "mean": 0.18640174369750004,
      "stddev": 0.0012772469033753265,
      "median": 0.18631016076,
      "user": 0.10093819499999998,
      "system": 0.085398805,
      "min": 0.18472269226000002,
      "max": 0.18999859326000001,
      "times": [
        0.18641703526,
        0.18673833526,
        0.18999859326000001,
        0.18641367926000002,
        0.18538720226000002,
        0.18559116426000002,
        0.18620664226,
        0.18699457426000002,
        0.18652894426000002,
        0.18510742926,
        0.18472269226000002,
        0.18617960126000002,
        0.18727563926000002,
        0.18787560826000002,
        0.18581522126000002,
        0.18517553726000002
      ],
      "memory_usage_byte": [
        195129344,
        195129344,
        195129344,
        195129344,
        195129344,
        195129344,
        195129344,
        195129344,
        195129344,
        195129344,
        195129344,
        195129344,
        195129344,
        195129344,
        195129344,
        195129344
      ],
      "exit_codes": [
        0,
        0,
        0,
        0,
        0,
        0,
        0,
        0,
        0,
        0,
        0,
        0,
        0,
        0,
        0,
        0
      ]
    }
  ]
}
