{
  "results": [
    {
      "command": "./bin/yuku_typescript",
      "mean": 0.07706015123729731,
      "stddev": 0.0007630723162988288,
      "median": 0.07674636294,
      "user": 0.06068580810810809,
      "system": 0.016342989189189184,
      "min": 0.07620908394,
      "max": 0.07911440194000001,
      "times": [
        0.07911440194000001,
        0.07819603294000001,
        0.07787306294,
        0.07882923794,
        0.07822934494000001,
        0.07764265594000001,
        0.07799864694000001,
        0.07796738794000001,
        0.07760687894000001,
        0.07665779794000001,
        0.07674711294000001,
        0.07673448094,
        0.07620908394,
        0.07691634694,
        0.07652112394,
        0.07638683494000001,
        0.07648734094000001,
        0.07668782394000001,
        0.07634041794,
        0.07632634294000001,
        0.07667987894,
        0.07674636294,
        0.07727126594000001,
        0.07699496294000001,
        0.07796449994,
        0.07720348994000001,
        0.07640140194,
        0.07636508394000001,
        0.07686068394000001,
        0.07671548494000001,
        0.07655774094000001,
        0.07751270494000001,
        0.07664234794000001,
        0.07634083994,
        0.07629506494,
        0.07627545794000001,
        0.07692596594000001
      ],
      "memory_usage_byte": [
        41656320,
        41656320,
        41656320,
        41656320,
        41656320,
        41656320,
        41656320,
        41656320,
        41656320,
        41656320,
        41656320,
        41656320,
        41656320,
        41656320,
        41656320,
        41656320,
        41656320,
        41656320,
        41656320,
        41656320,
        41656320,
        41656320,
        41656320,
        41656320,
        41656320,
        41656320,
        41656320,
        41656320,
        41656320,
        41656320,
        41656320,
        41656320,
        41656320,
        41656320,
        41656320,
        41656320,
        41656320
      ],
      "exit_codes": [
        0,
        0,
        0,
        0,
        0,
        0,
        0,
        0,
        0,
        0,
        0,
        0,
        0,
        0,
        0,
        0,
        0,
        0,
        0,
        0,
        0,
        0,
        0,
        0,
        0,
        0,
        0,
        0,
        0,
        0,
        0,
        0,
        0,
        0,
        0,
        0,
        0
      ]
    },
    {
      "command": "./bin/oxc_typescript",
      "mean": 0.07561466476051285,
      "stddev": 0.0007600022318940183,
      "median": 0.07537922894,
      "user": 0.054534725641025635,
      "system": 0.02106090256410256,
      "min": 0.07452691794,
      "max": 0.07783528894000001,
      "times": [
        0.07506957494000001,
        0.07534004694,
        0.07532703194000001,
        0.07783528894000001,
        0.07618707894000001,
        0.07572543294,
        0.07522711694,
        0.07513066794,
        0.07570159794,
        0.07515359094,
        0.07576625794000001,
        0.07492431594000001,
        0.07559446894,
        0.07534048794,
        0.07555275094000001,
        0.07584947194000001,
        0.07574680194000001,
        0.07483693294,
        0.07739419994,
        0.07636131994,
        0.07512872494,
        0.07492007694000001,
        0.07467873894,
        0.07518067094000001,
        0.07499739094,
        0.07523173594,
        0.07490328594000001,
        0.07536614494,
        0.07537922894,
        0.07568141094000001,
        0.07698598294,
        0.07605405494,
        0.07464259194,
        0.07452691794,
        0.07554643894,
        0.07575193094,
        0.07621438994,
        0.07676404994000001,
        0.07695372194000001
      ],
      "memory_usage_byte": [
        55402496,
        55402496,
        55402496,
        55402496,
        55402496,
        55402496,
        55402496,
        55402496,
        55402496,
        55402496,
        55402496,
        55402496,
        55402496,
        55402496,
        55402496,
        55402496,
        55402496,
        55402496,
        55402496,
        55402496,
        55402496,
        55402496,
        55402496,
        55402496,
        55402496,
        55402496,
        55402496,
        55402496,
        55402496,
        55402496,
        55402496,
        55402496,
        55402496,
        55402496,
        55402496,
        55402496,
        55402496,
        55402496,
        55402496
      ],
      "exit_codes": [
        0,
        0,
        0,
        0,
        0,
        0,
        0,
        0,
        0,
        0,
        0,
        0,
        0,
        0,
        0,
        0,
        0,
        0,
        0,
        0,
        0,
        0,
        0,
        0,
        0,
        0,
        0,
        0,
        0,
        0,
        0,
        0,
        0,
        0,
        0,
        0,
        0,
        0,
        0
      ]
    },
    {
      "command": "./bin/swc_typescript",
      "mean": 0.16540826927333332,
      "stddev": 0.0016053693277756074,
      "median": 0.16509917694000004,
      "user": 0.1251423111111111,
      "system": 0.04018591111111111,
      "min": 0.16281811794,
      "max": 0.16854541194,
      "times": [
        0.16543218994,
        0.16514792194000003,
        0.16576969594000002,
        0.16404708894,
        0.16460431294000002,
        0.16460706794000002,
        0.16505043194000002,
        0.16585668794000002,
        0.16598403394000003,
        0.16330877794,
        0.16281811794,
        0.16842500894,
        0.16805032294000002,
        0.16448425194000002,
        0.16477986094000002,
        0.16436682494000002,
        0.16854541194,
        0.16607083794000002
      ],
      "memory_usage_byte": [
        94093312,
        94093312,
        94093312,
        94093312,
        94093312,
        94093312,
        94093312,
        94093312,
        94093312,
        94093312,
        94093312,
        94093312,
        94093312,
        94093312,
        94093312,
        94093312,
        94093312,
        94093312
      ],
      "exit_codes": [
        0,
        0,
        0,
        0,
        0,
        0,
        0,
        0,
        0,
        0,
        0,
        0,
        0,
        0,
        0,
        0,
        0,
        0
      ]
    },
    {
      "command": "./bin/jam_typescript",
      "mean": 0.19774215474000004,
      "stddev": 0.000738536800934037,
      "median": 0.19774359894000001,
      "user": 0.1092655,
      "system": 0.0883998,
      "min": 0.19643862694000003,
      "max": 0.19893546094,
      "times": [
        0.19765788894000003,
        0.19698940894000003,
        0.19656751594000002,
        0.19643862694000003,
        0.19843353994000001,
        0.19750184194,
        0.19774359894000001,
        0.19747184394,
        0.19716630694,
        0.19847168994000003,
        0.19893546094,
        0.19858548094,
        0.19802474094000003,
        0.19787484194000002,
        0.19826953394000002
      ],
      "memory_usage_byte": [
        195133440,
        195133440,
        195133440,
        195133440,
        195133440,
        195133440,
        195133440,
        195133440,
        195133440,
        195133440,
        195133440,
        195133440,
        195133440,
        195133440,
        195133440
      ],
      "exit_codes": [
        0,
        0,
        0,
        0,
        0,
        0,
        0,
        0,
        0,
        0,
        0,
        0,
        0,
        0,
        0
      ]
    }
  ]
}
