{
  "results": [
    {
      "command": "./bin/yuku_typescript",
      "mean": 0.028186399317373715,
      "stddev": 0.00587489042178099,
      "median": 0.02612033958,
      "user": 0.026494635555555555,
      "system": 0.002201218989898989,
      "min": 0.02438796458,
      "max": 0.060603922580000004,
      "times": [
        0.024912131580000003,
        0.02512125658,
        0.025152214580000002,
        0.024902548580000003,
        0.02513317358,
        0.02470463158,
        0.024506548580000002,
        0.02498071458,
        0.02471184058,
        0.026525798580000003,
        0.02852959058,
        0.031645214580000004,
        0.02612033958,
        0.02816417358,
        0.028583714580000003,
        0.037121214580000006,
        0.03426804858,
        0.029767048580000004,
        0.02767742258,
        0.02692638158,
        0.02630783958,
        0.02603334058,
        0.02483675658,
        0.02490559058,
        0.02707259058,
        0.025192506580000003,
        0.02438796458,
        0.02962483958,
        0.034279381580000004,
        0.030829339580000004,
        0.025850089580000003,
        0.02520850658,
        0.027916840580000005,
        0.028127714580000004,
        0.029330839580000004,
        0.060435339580000004,
        0.02677379858,
        0.02833692358,
        0.025805881580000002,
        0.025574006580000003,
        0.025049589580000003,
        0.024765590580000003,
        0.024544381580000003,
        0.02439379858,
        0.025106172580000002,
        0.024776381580000003,
        0.02753842358,
        0.025225714580000003,
        0.027269506580000005,
        0.03944283958,
        0.03351900658,
        0.030646548580000002,
        0.02529088158,
        0.02482259058,
        0.025576715580000003,
        0.02555321458,
        0.029394173580000002,
        0.032735214580000005,
        0.026176881580000005,
        0.025368881580000002,
        0.024920881580000002,
        0.025210173580000002,
        0.025329964580000003,
        0.02819271558,
        0.028629381580000002,
        0.02556871558,
        0.025320131580000002,
        0.02767925658,
        0.030745548580000004,
        0.060603922580000004,
        0.03300342358,
        0.02592292358,
        0.025112006580000002,
        0.025071881580000004,
        0.026492339580000003,
        0.029514006580000002,
        0.02600329758,
        0.025367839580000003,
        0.02628829858,
        0.02551829858,
        0.02623050658,
        0.02859671458,
        0.02618542358,
        0.025301548580000003,
        0.02592188158,
        0.03056625658,
        0.039880090580000006,
        0.03854209058,
        0.04106500658,
        0.025819214580000003,
        0.025366131580000003,
        0.02584429858,
        0.027223964580000003,
        0.029623631580000004,
        0.027547881580000003,
        0.025860673580000004,
        0.02719734058,
        0.02502700658,
        0.024678256580000002
      ],
      "memory_usage_byte": [
        42532864,
        42532864,
        42532864,
        42532864,
        42532864,
        42532864,
        42532864,
        42532864,
        42532864,
        42532864,
        42532864,
        42532864,
        42532864,
        42532864,
        42532864,
        42532864,
        42532864,
        42532864,
        42532864,
        42532864,
        42532864,
        42532864,
        42532864,
        42532864,
        42532864,
        42532864,
        42532864,
        42532864,
        42532864,
        42532864,
        42532864,
        42532864,
        42532864,
        42532864,
        42532864,
        42532864,
        42532864,
        42532864,
        42532864,
        42532864,
        42532864,
        42532864,
        42532864,
        42532864,
        42532864,
        42532864,
        42532864,
        42532864,
        42532864,
        42532864,
        42532864,
        42532864,
        42532864,
        42532864,
        42532864,
        42532864,
        42532864,
        42532864,
        42532864,
        42532864,
        42532864,
        42532864,
        42532864,
        42532864,
        42532864,
        42532864,
        42532864,
        42532864,
        42532864,
        42532864,
        42532864,
        42532864,
        42532864,
        42532864,
        42532864,
        42532864,
        42532864,
        42532864,
        42532864,
        42532864,
        42532864,
        42532864,
        42532864,
        42532864,
        42532864,
        42532864,
        42532864,
        42532864,
        42532864,
        42532864,
        42532864,
        42532864,
        42532864,
        42532864,
        42532864,
        42532864,
        42532864,
        42532864,
        42532864
      ],
      "exit_codes": [
        0,
        0,
        0,
        0,
        0,
        0,
        0,
        0,
        0,
        0,
        0,
        0,
        0,
        0,
        0,
        0,
        0,
        0,
        0,
        0,
        0,
        0,
        0,
        0,
        0,
        0,
        0,
        0,
        0,
        0,
        0,
        0,
        0,
        0,
        0,
        0,
        0,
        0,
        0,
        0,
        0,
        0,
        0,
        0,
        0,
        0,
        0,
        0,
        0,
        0,
        0,
        0,
        0,
        0,
        0,
        0,
        0,
        0,
        0,
        0,
        0,
        0,
        0,
        0,
        0,
        0,
        0,
        0,
        0,
        0,
        0,
        0,
        0,
        0,
        0,
        0,
        0,
        0,
        0,
        0,
        0,
        0,
        0,
        0,
        0,
        0,
        0,
        0,
        0,
        0,
        0,
        0,
        0,
        0,
        0,
        0,
        0,
        0,
        0
      ]
    },
    {
      "command": "./bin/oxc_typescript",
      "mean": 0.028526567445384624,
      "stddev": 0.006123609014557623,
      "median": 0.027808090080000004,
      "user": 0.02525644538461538,
      "system": 0.003145118076923076,
      "min": 0.023127756580000002,
      "max": 0.05842467258000001,