{
  "results": [
    {
      "command": "./bin/yuku_typescript",
      "mean": 0.07598478632358972,
      "stddev": 0.0007233777225056121,
      "median": 0.07594179758,
      "user": 0.06052589743589744,
      "system": 0.015401881538461537,
      "min": 0.07500159158,
      "max": 0.07773587558,
      "times": [
        0.07568356258,
        0.07621276658,
        0.07587879858,
        0.07654805558,
        0.07667548458,
        0.07773587558,
        0.07686303758,
        0.07661351858,
        0.07653174458,
        0.07686708458,
        0.07634236858,
        0.07634286058,
        0.07725946158,
        0.07657806158,
        0.07729012858,
        0.07694249558,
        0.07620342858,
        0.07599889458,
        0.07562408058,
        0.07546025258,
        0.07518757058,
        0.07501124058,
        0.07515970858,
        0.07547837758,
        0.07571033258,
        0.07557069058,
        0.07610078658,
        0.07606539858,
        0.07517393558,
        0.07500159158,
        0.07536081558,
        0.07527967358,
        0.07512379158,
        0.07645858658,
        0.07535316158,
        0.07525724158,
        0.07506780558,
        0.07545219858,
        0.07594179758
      ],
      "memory_usage_byte": [
        41623552,
        41623552,
        41623552,
        41623552,
        41623552,
        41623552,
        41623552,
        41623552,
        41623552,
        41623552,
        41623552,
        41623552,
        41623552,
        41623552,
        41623552,
        41623552,
        41623552,
        41623552,
        41623552,
        41623552,
        41623552,
        41623552,
        41623552,
        41623552,
        41623552,
        41623552,
        41623552,
        41623552,
        41623552,
        41623552,
        41623552,
        41623552,
        41623552,
        41623552,
        41623552,
        41623552,
        41623552,
        41623552,
        41623552
      ],
      "exit_codes": [
        0,
        0,
        0,
        0,
        0,
        0,
        0,
        0,
        0,
        0,
        0,
        0,
        0,
        0,
        0,
        0,
        0,
        0,
        0,
        0,
        0,
        0,
        0,
        0,
        0,
        0,
        0,
        0,
        0,
        0,
        0,
        0,
        0,
        0,
        0,
        0,
        0,
        0,
        0
      ]
    },
    {
      "command": "./bin/oxc_typescript",
      "mean": 0.07357854322999999,
      "stddev": 0.0013728769170078207,
      "median": 0.07325387508,
      "user": 0.0524534,
      "system": 0.021072320000000002,
      "min": 0.07264476758,
      "max": 0.08144663358,
      "times": [
        0.07408405658,
        0.07323164658,
        0.07325196458,
        0.07301558158,
        0.07275975158,
        0.07315760758,
        0.07331376058,
        0.08144663358,
        0.07398181458,
        0.07384929558,
        0.07444483258,
        0.07371259858,
        0.07349707458,
        0.07319238258,
        0.07317932758,
        0.07336116858,
        0.07305119758,
        0.07343513758,
        0.07355683658,
        0.07311443558,
        0.07309133758,
        0.07270850758,
        0.07299195058,
        0.07264476758,
        0.07282755158,
        0.07489600658000001,
        0.07333913358000001,
        0.07373504458,
        0.07330750258,
        0.07288950758,
        0.07388803358,
        0.07358266958,
        0.07316095758,
        0.07305289458,
        0.07324860258,
        0.07382227058,
        0.07325578558,
        0.07272716258,
        0.07286066358,
        0.07447427458
      ],
      "memory_usage_byte": [
        55414784,
        55414784,
        55414784,
        55414784,
        55414784,
        55414784,
        55414784,
        55414784,
        55414784,
        55414784,
        55414784,
        55414784,
        55414784,
        55414784,
        55414784,
        55414784,
        55414784,
        55414784,
        55414784,
        55414784,
        55414784,
        55414784,
        55414784,
        55414784,
        55414784,
        55414784,
        55414784,
        55414784,
        55414784,
        55414784,
        55414784,
        55414784,
        55414784,
        55414784,
        55414784,
        55414784,
        55414784,
        55414784,
        55414784,
        55414784
      ],
      "exit_codes": [
        0,
        0,
        0,
        0,
        0,
        0,
        0,
        0,
        0,
        0,
        0,
        0,
        0,
        0,
        0,
        0,
        0,
        0,
        0,
        0,
        0,
        0,
        0,
        0,
        0,
        0,
        0,
        0,
        0,
        0,
        0,
        0,
        0,
        0,
        0,
        0,
        0,
        0,
        0,
        0
      ]
    },
    {
      "command": "./bin/swc_typescript",
      "mean": 0.15649665152736844,
      "stddev": 0.0008203620224943699,
      "median": 0.15679534858000002,
      "user": 0.11691710526315789,
      "system": 0.03950073578947368,
      "min": 0.15513686158,
      "max": 0.15751104358,
      "times": [
        0.15579407858000002,
        0.15739335158,
        0.15683634558,
        0.15589777258,
        0.15749127558,
        0.15679534858000002,
        0.15516341458000002,
        0.15745132058000003,
        0.15609415158,
        0.15618092458000002,
        0.15723653758000003,
        0.15681584658000003,
        0.15614320458000003,
        0.15513686158,
        0.15707792058000003,
        0.15568690758,
        0.15546154458000003,
        0.15751104358,
        0.15726852858
      ],
      "memory_usage_byte": [
        94089216,
        94089216,
        94089216,
        94089216,
        94089216,
        94089216,
        94089216,
        94089216,
        94089216,
        94089216,
        94089216,
        94089216,
        94089216,
        94089216,
        94089216,
        94089216,
        94089216,
        94089216,
        94089216
      ],
      "exit_codes": [
        0,
        0,
        0,
        0,
        0,
        0,
        0,
        0,
        0,
        0,
        0,
        0,
        0,
        0,
        0,
        0,
        0,
        0,
        0
      ]
    },
    {
      "command": "./bin/jam_typescript",
      "mean": 0.18580793383,
      "stddev": 0.0020415165838221874,
      "median": 0.18547496058000001,
      "user": 0.10219462500000001,
      "system": 0.083522045,
      "min": 0.18174789758,
      "max": 0.19095009658000003,
      "times": [
        0.18567162458000003,
        0.18515010558000003,
        0.18502283558000002,
        0.18501022258000002,
        0.18568601158000003,
        0.18541754858,
        0.18174789758,
        0.18820011358000002,
        0.18399065858000002,
        0.18503299558000003,
        0.18529007758000002,
        0.18553237258000002,
        0.18857313258000002,
        0.18559845758000001,
        0.19095009658000003,
        0.18605279058000002
      ],
      "memory_usage_byte": [
        195129344,
        195129344,
        195129344,
        195129344,
        195129344,
        195129344,
        195129344,
        195129344,
        195129344,
        195129344,
        195129344,
        195129344,
        195129344,
        195129344,
        195129344,
        195129344
      ],
      "exit_codes": [
        0,
        0,
        0,
        0,
        0,
        0,
        0,
        0,
        0,
        0,
        0,
        0,
        0,
        0,
        0,
        0
      ]
    }
  ]
}
