{
  "results": [
    {
      "command": "./bin/yuku_typescript",
      "mean": 0.028914482595833332,
      "stddev": 0.004362146101165906,
      "median": 0.027672927700000002,
      "user": 0.025663141666666663,
      "system": 0.0021070274999999985,
      "min": 0.026567052200000003,
      "max": 0.0545189692,
      "times": [
        0.028253178200000003,
        0.027019719200000004,
        0.0323535522,
        0.0285817192,
        0.027719844200000003,
        0.027875885200000002,
        0.027254719200000003,
        0.027361969200000003,
        0.027147261200000005,
        0.028192135200000003,
        0.027677761200000005,
        0.027843927200000004,
        0.0332280942,
        0.0283107192,
        0.027980552200000005,
        0.027528969200000003,
        0.027377677200000002,
        0.027766760200000004,
        0.027561469200000004,
        0.033371678200000005,
        0.028281094200000002,
        0.027695552200000004,
        0.027628385200000005,
        0.027365094200000002,
        0.049576094200000004,
        0.027921427200000005,
        0.027834094200000003,
        0.027554719200000004,
        0.027262177200000005,
        0.027198011200000004,
        0.027668094200000003,
        0.027042135200000005,
        0.027454094200000004,
        0.038879177200000004,
        0.027711885200000005,
        0.027306302200000004,
        0.028700844200000006,
        0.0545189692,
        0.028230260200000003,
        0.0295101772,
        0.029405094200000002,
        0.030931302200000003,
        0.028423885200000006,
        0.027699469200000004,
        0.028262719200000005,
        0.027548761200000004,
        0.029368011200000002,
        0.026830553200000003,
        0.026932135200000002,
        0.026784969200000005,
        0.028349927200000007,
        0.038711261200000006,
        0.027425678200000005,
        0.0293512192,
        0.027650385200000002,
        0.027461011200000003,
        0.027467969200000004,
        0.027180219200000005,
        0.026655344200000004,
        0.030660052200000003,
        0.028399469200000006,
        0.028282427200000005,
        0.027517260200000004,
        0.028261511200000002,
        0.027474886200000003,
        0.026658636200000002,
        0.026749428200000005,
        0.027125803200000003,
        0.028407552200000005,
        0.045238219200000006,
        0.027805177200000003,
        0.027338469200000003,
        0.027430969200000002,
        0.027026636200000002,
        0.026713469200000003,
        0.026736511200000004,
        0.026824761200000005,
        0.027695385200000002,
        0.0298260522,
        0.029305178200000004,
        0.027893802200000005,
        0.027557511200000002,
        0.028298636200000005,
        0.0349140942,
        0.028091844200000004,
        0.027381928200000002,
        0.027467885200000004,
        0.027553802200000005,
        0.027033135200000002,
        0.026738677200000005,
        0.026567052200000003,
        0.026951511200000004,
        0.027199719200000003,
        0.027176428200000005,
        0.027225177200000002,
        0.028075177200000002
      ],
      "memory_usage_byte": [
        42549248,
        42549248,
        42549248,
        42549248,
        42549248,
        42549248,
        42549248,
        42549248,
        42549248,
        42549248,
        42549248,
        42549248,
        42549248,
        42549248,
        42549248,
        42549248,
        42549248,
        42549248,
        42549248,
        42549248,
        42549248,
        42549248,
        42549248,
        42549248,
        42549248,
        42549248,
        42549248,
        42549248,
        42549248,
        42549248,
        42549248,
        42549248,
        42549248,
        42549248,
        42549248,
        42549248,
        42549248,
        42549248,
        42549248,
        42549248,
        42549248,
        42549248,
        42549248,
        42549248,
        42549248,
        42549248,
        42549248,
        42549248,
        42549248,
        42549248,
        42549248,
        42549248,
        42549248,
        42549248,
        42549248,
        42549248,
        42549248,
        42549248,
        42549248,
        42549248,
        42549248,
        42549248,
        42549248,
        42549248,
        42549248,
        42549248,
        42549248,
        42549248,
        42549248,
        42549248,
        42549248,
        42549248,
        42549248,
        42549248,
        42549248,
        42549248,
        42549248,
        42549248,
        42549248,
        42549248,
        42549248,
        42549248,
        42549248,
        42549248,
        42549248,
        42549248,
        42549248,
        42549248,
        42549248,
        42549248,
        42549248,
        42549248,
        42549248,
        42549248,
        42549248,
        42549248
      ],
      "exit_codes": [
        0,
        0,
        0,
        0,
        0,
        0,
        0,
        0,
        0,
        0,
        0,
        0,
        0,
        0,
        0,
        0,
        0,
        0,
        0,
        0,
        0,
        0,
        0,
        0,
        0,
        0,
        0,
        0,
        0,
        0,
        0,
        0,
        0,
        0,
        0,
        0,
        0,
        0,
        0,
        0,
        0,
        0,
        0,
        0,
        0,
        0,
        0,
        0,
        0,
        0,
        0,
        0,
        0,
        0,
        0,
        0,
        0,
        0,
        0,
        0,
        0,
        0,
        0,
        0,
        0,
        0,
        0,
        0,
        0,
        0,
        0,
        0,
        0,
        0,
        0,
        0,
        0,
        0,
        0,
        0,
        0,
        0,
        0,
        0,
        0,
        0,
        0,
        0,
        0,
        0,
        0,
        0,
        0,
        0,
        0,
        0
      ]
    },
    {
      "command": "./bin/oxc_typescript",
      "mean": 0.027080073621052636,
      "stddev": 0.002407701197335032,
      "median": 0.026337302200000003,
      "user": 0.023545215789473682,
      "system": 0.0027469189473684212,
      "min": 0.025454177200000004,
      "max": 0.03847446920000001,