{
  "results": [
    {
      "command": "./bin/yuku_typescript",
      "mean": 0.028325242479999995,
      "stddev": 0.002918368878657995,
      "median": 0.02751480408,
      "user": 0.02556637,
      "system": 0.0019700500000000005,
      "min": 0.02654455408,
      "max": 0.04492697108,
      "times": [
        0.02708188808,
        0.02683722108,
        0.02741934508,
        0.02710305408,
        0.027949096080000003,
        0.02787576208,
        0.02717113708,
        0.026960471080000003,
        0.02763017908,
        0.04492697108,
        0.02784663808,
        0.02878863808,
        0.040833137080000005,
        0.028014721080000003,
        0.02789588708,
        0.02755030408,
        0.02681509508,
        0.02747001208,
        0.026921346080000002,
        0.02683222108,
        0.02672822108,
        0.02658959608,
        0.02654455408,
        0.02704697008,
        0.02750184608,
        0.029302096080000003,
        0.029149513079999998,
        0.02790847108,
        0.02794722108,
        0.02753759608,
        0.026787888080000002,
        0.02694522108,
        0.02742738708,
        0.02725463708,
        0.027610804080000002,
        0.027208679080000003,
        0.02939455408,
        0.028748179080000002,
        0.02785301208,
        0.02762063708,
        0.02798626208,
        0.026909513080000003,
        0.02766155408,
        0.02962917908,
        0.03355759608,
        0.02752776208,
        0.027397763080000002,
        0.02736084508,
        0.027924971080000003,
        0.02675934508,
        0.02671063808,
        0.02806534508,
        0.04004488708000001,
        0.028775804079999998,
        0.02796722108,
        0.02730105408,
        0.027084221080000002,
        0.02695701308,
        0.02686772108,
        0.02732259608,
        0.026959846080000002,
        0.026730179080000003,
        0.028356471080000004,
        0.02997205408,
        0.02954442908,
        0.028383762080000003,
        0.030278262080000003,
        0.030340971080000004,
        0.029326970080000004,
        0.027470262080000002,
        0.02880767908,
        0.031172763080000002,
        0.028059596080000002,
        0.027575263080000002,
        0.027406554080000003,
        0.02732092908,
        0.02689892908,
        0.026974012080000002,
        0.027561638080000003,
        0.03889547108000001,
        0.02795672108,
        0.02767184608,
        0.030936262080000002,
        0.029808554080000004,
        0.02807080408,
        0.02733763708,
        0.026870763080000002,
        0.02683113708,
        0.02667530408,
        0.02735759608,
        0.02775413808,
        0.02683455408,
        0.026731762080000002,
        0.02672926208,
        0.026574345080000002,
        0.029671679080000003,
        0.027279471080000003,
        0.027247596080000002,
        0.02658888708,
        0.026718387080000003
      ],
      "memory_usage_byte": [
        42549248,
        42549248,
        42549248,
        42549248,
        42549248,
        42549248,
        42549248,
        42549248,
        42549248,
        42549248,
        42549248,
        42549248,
        42549248,
        42549248,
        42549248,
        42549248,
        42549248,
        42549248,
        42549248,
        42549248,
        42549248,
        42549248,
        42549248,
        42549248,
        42549248,
        42549248,
        42549248,
        42549248,
        42549248,
        42549248,
        42549248,
        42549248,
        42549248,
        42549248,
        42549248,
        42549248,
        42549248,
        42549248,
        42549248,
        42549248,
        42549248,
        42549248,
        42549248,
        42549248,
        42549248,
        42549248,
        42549248,
        42549248,
        42549248,
        42549248,
        42549248,
        42549248,
        42549248,
        42549248,
        42549248,
        42549248,
        42549248,
        42549248,
        42549248,
        42549248,
        42549248,
        42549248,
        42549248,
        42549248,
        42549248,
        42549248,
        42549248,
        42549248,
        42549248,
        42549248,
        42549248,
        42549248,
        42549248,
        42549248,
        42549248,
        42549248,
        42549248,
        42549248,
        42549248,
        42549248,
        42549248,
        42549248,
        42549248,
        42549248,
        42549248,
        42549248,
        42549248,
        42549248,
        42549248,
        42549248,
        42549248,
        42549248,
        42549248,
        42549248,
        42549248,
        42549248,
        42549248,
        42549248,
        42549248,
        42549248
      ],
      "exit_codes": [
        0,
        0,
        0,
        0,
        0,
        0,
        0,
        0,
        0,
        0,
        0,
        0,
        0,
        0,
        0,
        0,
        0,
        0,
        0,
        0,
        0,
        0,
        0,
        0,
        0,
        0,
        0,
        0,
        0,
        0,
        0,
        0,
        0,
        0,
        0,
        0,
        0,
        0,
        0,
        0,
        0,
        0,
        0,
        0,
        0,
        0,
        0,
        0,
        0,
        0,
        0,
        0,
        0,
        0,
        0,
        0,
        0,
        0,
        0,
        0,
        0,
        0,
        0,
        0,
        0,
        0,
        0,
        0,
        0,
        0,
        0,
        0,
        0,
        0,
        0,
        0,
        0,
        0,
        0,
        0,
        0,
        0,
        0,
        0,
        0,
        0,
        0,
        0,
        0,
        0,
        0,
        0,
        0,
        0,
        0,
        0,
        0,
        0,
        0,
        0
      ]
    },
    {
      "command": "./bin/oxc_typescript",
      "mean": 0.027934048413333336,
      "stddev": 0.0036940495420963474,
      "median": 0.026671075080000002,
      "user": 0.02364521921568627,
      "system": 0.0029272431372549023,
      "min": 0.025441512080000003,
      "max": 0.04459667908000001,