{
  "results": [
    {
      "command": "./bin/yuku_typescript",
      "mean": 0.06352956490510639,
      "stddev": 0.00029578981722947335,
      "median": 0.06357098182000001,
      "user": 0.05200669659574469,
      "system": 0.011437625957446804,
      "min": 0.06297524382,
      "max": 0.06447944282000001,
      "times": [
        0.06322358182,
        0.06337845082,
        0.06342425482000001,
        0.06361619682,
        0.06359210682000001,
        0.06357098182000001,
        0.06341217982000001,
        0.06411078282,
        0.06372932182,
        0.06317709882,
        0.06382985482,
        0.06356006182,
        0.06297524382,
        0.06353760182000001,
        0.06359185982,
        0.06394461082000001,
        0.06377993682000001,
        0.06324271982,
        0.06330447682000001,
        0.06374794482,
        0.06353431482,
        0.06327635482,
        0.06447944282000001,
        0.06334958082,
        0.06323897982,
        0.06327972982,
        0.06367433282,
        0.06377216682,
        0.06352701282,
        0.06324427882,
        0.06303544682000001,
        0.06326293482,
        0.06331473382000001,
        0.06325005982000001,
        0.06310935982,
        0.06304565882,
        0.06371813582000001,
        0.06360205982,
        0.06362668782,
        0.06368989182000001,
        0.06364963082000001,
        0.06380238982,
        0.06375306382000001,
        0.06380939382,
        0.06369813182,
        0.06361226082,
        0.06378424882
      ],
      "memory_usage_byte": [
        41693184,
        41693184,
        41693184,
        41693184,
        41693184,
        41693184,
        41693184,
        41693184,
        41693184,
        41693184,
        41693184,
        41693184,
        41693184,
        41693184,
        41693184,
        41693184,
        41693184,
        41693184,
        41693184,
        41693184,
        41693184,
        41693184,
        41693184,
        41693184,
        41693184,
        41693184,
        41693184,
        41693184,
        41693184,
        41693184,
        41693184,
        41693184,
        41693184,
        41693184,
        41693184,
        41693184,
        41693184,
        41693184,
        41693184,
        41693184,
        41693184,
        41693184,
        41693184,
        41693184,
        41693184,
        41693184,
        41693184
      ],
      "exit_codes": [
        0,
        0,
        0,
        0,
        0,
        0,
        0,
        0,
        0,
        0,
        0,
        0,
        0,
        0,
        0,
        0,
        0,
        0,
        0,
        0,
        0,
        0,
        0,
        0,
        0,
        0,
        0,
        0,
        0,
        0,
        0,
        0,
        0,
        0,
        0,
        0,
        0,
        0,
        0,
        0,
        0,
        0,
        0,
        0,
        0,
        0,
        0
      ]
    },
    {
      "command": "./bin/oxc_typescript",
      "mean": 0.06416097942869567,
      "stddev": 0.0002891868133858164,
      "median": 0.06416912932000002,
      "user": 0.04792468086956521,
      "system": 0.016159512173913038,
      "min": 0.06360775482,
      "max": 0.06491918482,
      "times": [
        0.06403577182,
        0.06388499482,
        0.06491918482,
        0.06427008682,
        0.06383543182000001,
        0.06369967382000001,
        0.06366721582000001,
        0.06360775482,
        0.06366734282,
        0.06390366282,
        0.06384772782,
        0.06428783182,
        0.06426103182000001,
        0.06412469682000001,
        0.06402848382000001,
        0.06386964782,
        0.06416152282000001,
        0.06452623582,
        0.06467454582,
        0.06466954682,
        0.06441142182000001,
        0.06385628682000001,
        0.06436048182000001,
        0.06398389582000001,
        0.06426850282,
        0.06437346882,
        0.06412453382000001,
        0.06446197082,
        0.06443611082,
        0.06431251382,
        0.06446333882000001,
        0.06432000582,
        0.06404944382000001,
        0.06403407682000001,
        0.06391295882,
        0.06432761082,
        0.06396394282000001,
        0.06417673582000001,
        0.06394342182,
        0.06394460482,
        0.06434795782000001,
        0.06444650382,
        0.06423435982,
        0.06408010582000001,
        0.06426305482,
        0.06436535282
      ],
      "memory_usage_byte": [
        55578624,
        55578624,
        55578624,
        55578624,
        55578624,
        55578624,
        55578624,
        55578624,
        55578624,
        55578624,
        55578624,
        55578624,
        55578624,
        55578624,
        55578624,
        55578624,
        55578624,
        55578624,
        55578624,
        55578624,
        55578624,
        55578624,
        55578624,
        55578624,
        55578624,
        55578624,
        55578624,
        55578624,
        55578624,
        55578624,
        55578624,
        55578624,
        55578624,
        55578624,
        55578624,
        55578624,
        55578624,
        55578624,
        55578624,
        55578624,
        55578624,
        55578624,
        55578624,
        55578624,
        55578624,
        55578624
      ],
      "exit_codes": [
        0,
        0,
        0,
        0,
        0,
        0,
        0,
        0,
        0,
        0,
        0,
        0,
        0,
        0,
        0,
        0,
        0,
        0,
        0,
        0,
        0,
        0,
        0,
        0,
        0,
        0,
        0,
        0,
        0,
        0,
        0,
        0,
        0,
        0,
        0,
        0,
        0,
        0,
        0,
        0,
        0,
        0,
        0,
        0,
        0,
        0
      ]
    },
    {
      "command": "./bin/swc_typescript",
      "mean": 0.13638637272476187,
      "stddev": 0.0010736975117416887,
      "median": 0.13604923482,
      "user": 0.10673551523809524,
      "system": 0.02953357428571429,
      "min": 0.13497961581999998,
      "max": 0.13864902682,
      "times": [
        0.13604923482,
        0.13812134682,
        0.13630844781999998,
        0.13533780282,
        0.13537128682,
        0.13532411081999998,
        0.13513529382,
        0.13658770982,
        0.13788118482,
        0.13789969182,
        0.13579432382,
        0.13596973882,
        0.13552975082,
        0.13676880282,
        0.13864902682,
        0.13695101182,
        0.13713464981999998,
        0.13686897982,
        0.13588594882,
        0.13497961581999998,
        0.13556586782
      ],
      "memory_usage_byte": [
        94208000,
        94208000,
        94208000,
        94208000,
        94208000,
        94208000,
        94208000,
        94208000,
        94208000,
        94208000,
        94208000,
        94208000,
        94208000,
        94208000,
        94208000,
        94208000,
        94208000,
        94208000,
        94208000,
        94208000,
        94208000
      ],
      "exit_codes": [
        0,
        0,
        0,
        0,
        0,
        0,
        0,
        0,
        0,
        0,
        0,
        0,
        0,
        0,
        0,
        0,
        0,
        0,
        0,
        0,
        0
      ]
    },
    {
      "command": "./bin/jam_typescript",
      "mean": 0.15523750718842105,
      "stddev": 0.0005483789780127966,
      "median": 0.15545301182,
      "user": 0.0964796305263158,
      "system": 0.05867307052631578,
      "min": 0.15435394982,
      "max": 0.15615519282,