{
  "results": [
    {
      "command": "./bin/yuku_typescript",
      "mean": 0.07740816269894737,
      "stddev": 0.0003977201733856509,
      "median": 0.07735565512,
      "user": 0.05999991894736842,
      "system": 0.01734686421052632,
      "min": 0.07681897162,
      "max": 0.07888847062,
      "times": [
        0.07772603462,
        0.07723239962,
        0.07718934762,
        0.07888847062,
        0.07734541162,
        0.07737844262,
        0.07735270462,
        0.07768661262,
        0.07738401362,
        0.07710917662,
        0.07684589262000001,
        0.07681897162,
        0.07775915862,
        0.07754489562,
        0.07720188162,
        0.07715727662,
        0.07718576062,
        0.07710240362,
        0.07696986562000001,
        0.07716964062000001,
        0.07770757162,
        0.07721738062,
        0.07735860562,
        0.07694228262,
        0.07686326562,
        0.07755358862,
        0.07771688862000001,
        0.07703461662,
        0.07771710862,
        0.07758682462000001,
        0.07730396262,
        0.07741345862,
        0.07773628462,
        0.07794296562,
        0.07755436362,
        0.07813926262,
        0.07727727362,
        0.07739611662
      ],
      "memory_usage_byte": [
        41656320,
        41656320,
        41656320,
        41656320,
        41656320,
        41656320,
        41656320,
        41656320,
        41656320,
        41656320,
        41656320,
        41656320,
        41656320,
        41656320,
        41656320,
        41656320,
        41656320,
        41656320,
        41656320,
        41656320,
        41656320,
        41656320,
        41656320,
        41656320,
        41656320,
        41656320,
        41656320,
        41656320,
        41656320,
        41656320,
        41656320,
        41656320,
        41656320,
        41656320,
        41656320,
        41656320,
        41656320,
        41656320
      ],
      "exit_codes": [
        0,
        0,
        0,
        0,
        0,
        0,
        0,
        0,
        0,
        0,
        0,
        0,
        0,
        0,
        0,
        0,
        0,
        0,
        0,
        0,
        0,
        0,
        0,
        0,
        0,
        0,
        0,
        0,
        0,
        0,
        0,
        0,
        0,
        0,
        0,
        0,
        0,
        0
      ]
    },
    {
      "command": "./bin/oxc_typescript",
      "mean": 0.0777396518831579,
      "stddev": 0.0005384596925768242,
      "median": 0.07761652162,
      "user": 0.053594392631578947,
      "system": 0.024071101052631577,
      "min": 0.07706735462,
      "max": 0.07955391862,
      "times": [
        0.07725713162,
        0.07724641062,
        0.07758396562,
        0.07926364362,
        0.07808032862,
        0.07955391862,
        0.07793577662000001,
        0.07706735462,
        0.07732511862000001,
        0.07732805362,
        0.07754384962000001,
        0.07756405862,
        0.07720394062000001,
        0.07735755962,
        0.07780402862000001,
        0.07747820662,
        0.07722501162,
        0.07753221862,
        0.07761105662000001,
        0.07772215562,
        0.07725325462,
        0.07791593962,
        0.07883682062,
        0.07830615362,
        0.07809141862,
        0.07797732662,
        0.07762220662000001,
        0.07735621762,
        0.07753737762,
        0.07738956962,
        0.07811008462,
        0.07729168662000001,
        0.07774225362000001,
        0.07762198662,
        0.07779829762,
        0.07801566662000001,
        0.07764628262,
        0.07791043962000001
      ],
      "memory_usage_byte": [
        55402496,
        55402496,
        55402496,
        55402496,
        55402496,
        55402496,
        55402496,
        55402496,
        55402496,
        55402496,
        55402496,
        55402496,
        55402496,
        55402496,
        55402496,
        55402496,
        55402496,
        55402496,
        55402496,
        55402496,
        55402496,
        55402496,
        55402496,
        55402496,
        55402496,
        55402496,
        55402496,
        55402496,
        55402496,
        55402496,
        55402496,
        55402496,
        55402496,
        55402496,
        55402496,
        55402496,
        55402496,
        55402496
      ],
      "exit_codes": [
        0,
        0,
        0,
        0,
        0,
        0,
        0,
        0,
        0,
        0,
        0,
        0,
        0,
        0,
        0,
        0,
        0,
        0,
        0,
        0,
        0,
        0,
        0,
        0,
        0,
        0,
        0,
        0,
        0,
        0,
        0,
        0,
        0,
        0,
        0,
        0,
        0,
        0
      ]
    },
    {
      "command": "./bin/swc_typescript",
      "mean": 0.17139048650235295,
      "stddev": 0.0009986419169516498,
      "median": 0.17141517362,
      "user": 0.12912884,
      "system": 0.04217717999999999,
      "min": 0.16997270362,
      "max": 0.17306621662000002,
      "times": [
        0.17291642562,
        0.17179010862000002,
        0.17083988362000002,
        0.17306621662000002,
        0.17195672162,
        0.17233367062000002,
        0.17134808862,
        0.17145232362,
        0.17039660962,
        0.17007339262,
        0.17019576262,
        0.17279773162,
        0.17149503362000001,
        0.16997270362,
        0.17042115562000001,
        0.17116726862,
        0.17141517362
      ],
      "memory_usage_byte": [
        94031872,
        94031872,
        94031872,
        94031872,
        94031872,
        94031872,
        94031872,
        94031872,
        94031872,
        94031872,
        94031872,
        94031872,
        94031872,
        94031872,
        94031872,
        94031872,
        94031872
      ],
      "exit_codes": [
        0,
        0,
        0,
        0,
        0,
        0,
        0,
        0,
        0,
        0,
        0,
        0,
        0,
        0,
        0,
        0,
        0
      ]
    },
    {
      "command": "./bin/jam_typescript",
      "mean": 0.20118937876285714,
      "stddev": 0.0009115393781907847,
      "median": 0.20088700512000002,
      "user": 0.11492748285714284,
      "system": 0.08614289428571428,
      "min": 0.20012153262000001,
      "max": 0.20377261062000002,
      "times": [
        0.20377261062000002,
        0.20080569562,
        0.20045126562,
        0.20145024162,
        0.20012153262000001,
        0.20172894362000002,
        0.20165910162,
        0.20130950562000002,
        0.20056270262,
        0.20077962962,
        0.20043624362,
        0.20080291362000002,
        0.20180260162000002,
        0.20096831462
      ],
      "memory_usage_byte": [
        195133440,
        195133440,
        195133440,
        195133440,
        195133440,
        195133440,
        195133440,
        195133440,
        195133440,
        195133440,
        195133440,
        195133440,
        195133440,
        195133440
      ],
      "exit_codes": [
        0,
        0,
        0,
        0,
        0,
        0,
        0,
        0,
        0,
        0,
        0,
        0,
        0,
        0
      ]
    }
  ]
}
