{
  "results": [
    {
      "command": "./bin/yuku_typescript",
      "mean": 0.029558908910416664,
      "stddev": 0.0037648550553404706,
      "median": 0.028222698400000003,
      "user": 0.025787421249999998,
      "system": 0.0022837454166666675,
      "min": 0.0263065734,
      "max": 0.0485774904,
      "times": [
        0.0282596984,
        0.0288821154,
        0.033500323400000004,
        0.0277668234,
        0.0267310324,
        0.0275538234,
        0.0268496984,
        0.0317431564,
        0.0351755324,
        0.0267454064,
        0.0273906984,
        0.026959198400000002,
        0.0271896564,
        0.037676240400000005,
        0.0295358654,
        0.0283991144,
        0.027825406400000002,
        0.0273353234,
        0.0345974074,
        0.0305346154,
        0.030383531400000004,
        0.0324557814,
        0.0282131984,
        0.027298031400000002,
        0.029887865399999998,
        0.028347198400000002,
        0.030998990400000002,
        0.0318427404,
        0.0285954904,
        0.027318406400000002,
        0.027190532400000002,
        0.027664740400000002,
        0.030694990400000004,
        0.0272082394,
        0.0267131564,
        0.0270030734,
        0.028232198400000002,
        0.0314056574,
        0.0362165734,
        0.030094906400000003,
        0.0283887814,
        0.028586323400000002,
        0.040288406400000004,
        0.027875073400000002,
        0.0369351564,
        0.0298139064,
        0.030965823400000002,
        0.0293301564,
        0.0390301154,
        0.029028448400000004,
        0.030069948400000004,
        0.0289023234,
        0.028859115400000003,
        0.0358459064,
        0.0276016574,
        0.0274851984,
        0.028427531400000004,
        0.037142282400000004,
        0.0272907824,
        0.030239032400000004,
        0.0334961154,
        0.0272054894,
        0.0267896144,
        0.0271473234,
        0.026832365400000002,
        0.0263065734,
        0.0386944064,
        0.0268491154,
        0.0271139894,
        0.0268731574,
        0.0270733654,
        0.0263586564,
        0.029498156400000003,
        0.0277900734,
        0.0273539904,
        0.0270433654,
        0.0292114064,
        0.0354849484,
        0.0271475734,
        0.026632156400000002,
        0.0273487814,
        0.0269689894,
        0.029415364399999998,
        0.027916448400000002,
        0.027515990400000002,
        0.0282884894,
        0.0270226984,
        0.0290099484,
        0.0485774904,
        0.0273433654,
        0.0268858234,
        0.0279497824,
        0.0276035734,
        0.0292609894,
        0.0279288234,
        0.0271944484
      ],
      "memory_usage_byte": [
        42532864,
        42532864,
        42532864,
        42532864,
        42532864,
        42532864,
        42532864,
        42532864,
        42532864,
        42532864,
        42532864,
        42532864,
        42532864,
        42532864,
        42532864,
        42532864,
        42532864,
        42532864,
        42532864,
        42532864,
        42532864,
        42532864,
        42532864,
        42532864,
        42532864,
        42532864,
        42532864,
        42532864,
        42532864,
        42532864,
        42532864,
        42532864,
        42532864,
        42532864,
        42532864,
        42532864,
        42532864,
        42532864,
        42532864,
        42532864,
        42532864,
        42532864,
        42532864,
        42532864,
        42532864,
        42532864,
        42532864,
        42532864,
        42532864,
        42532864,
        42532864,
        42532864,
        42532864,
        42532864,
        42532864,
        42532864,
        42532864,
        42532864,
        42532864,
        42532864,
        42532864,
        42532864,
        42532864,
        42532864,
        42532864,
        42532864,
        42532864,
        42532864,
        42532864,
        42532864,
        42532864,
        42532864,
        42532864,
        42532864,
        42532864,
        42532864,
        42532864,
        42532864,
        42532864,
        42532864,
        42532864,
        42532864,
        42532864,
        42532864,
        42532864,
        42532864,
        42532864,
        42532864,
        42532864,
        42532864,
        42532864,
        42532864,
        42532864,
        42532864,
        42532864,
        42532864
      ],
      "exit_codes": [
        0,
        0,
        0,
        0,
        0,
        0,
        0,
        0,
        0,
        0,
        0,
        0,
        0,
        0,
        0,
        0,
        0,
        0,
        0,
        0,
        0,
        0,
        0,
        0,
        0,
        0,
        0,
        0,
        0,
        0,
        0,
        0,
        0,
        0,
        0,
        0,
        0,
        0,
        0,
        0,
        0,
        0,
        0,
        0,
        0,
        0,
        0,
        0,
        0,
        0,
        0,
        0,
        0,
        0,
        0,
        0,
        0,
        0,
        0,
        0,
        0,
        0,
        0,
        0,
        0,
        0,
        0,
        0,
        0,
        0,
        0,
        0,
        0,
        0,
        0,
        0,
        0,
        0,
        0,
        0,
        0,
        0,
        0,
        0,
        0,
        0,
        0,
        0,
        0,
        0,
        0,
        0,
        0,
        0,
        0,
        0
      ]
    },
    {
      "command": "./bin/oxc_typescript",
      "mean": 0.02891775102135922,
      "stddev": 0.004999467230107458,
      "median": 0.027226032400000003,
      "user": 0.024030931262135926,
      "system": 0.003080151262135921,
      "min": 0.025053657400000002,
      "max": 0.0579721984,