{
  "results": [
    {
      "command": "./bin/yuku_typescript",
      "mean": 0.07754358485999999,
      "stddev": 0.001976489878398353,
      "median": 0.07714706386,
      "user": 0.06040780631578948,
      "system": 0.01707870315789474,
      "min": 0.07646858685999999,
      "max": 0.08907852786,
      "times": [
        0.07792198886,
        0.07717660386,
        0.07729097886,
        0.07714449386,
        0.07691154686,
        0.07697913486,
        0.07716574386,
        0.07730947286,
        0.07718532086,
        0.07743574186,
        0.07709048286,
        0.07683000386,
        0.07646858685999999,
        0.07687987786,
        0.07714222986,
        0.07688322386,
        0.07679796386,
        0.08907852786,
        0.07689747086,
        0.07679336586,
        0.07714963386,
        0.07673278186,
        0.07703701286,
        0.07710569186,
        0.07743081086,
        0.07714253086,
        0.07709936886,
        0.07710355686,
        0.07719588986,
        0.07906958886,
        0.07667577586,
        0.07750232386,
        0.07774852586,
        0.07757742486,
        0.07813835686,
        0.07735236386,
        0.07769059686,
        0.07752122986
      ],
      "memory_usage_byte": [
        41656320,
        41656320,
        41656320,
        41656320,
        41656320,
        41656320,
        41656320,
        41656320,
        41656320,
        41656320,
        41656320,
        41656320,
        41656320,
        41656320,
        41656320,
        41656320,
        41656320,
        41656320,
        41656320,
        41656320,
        41656320,
        41656320,
        41656320,
        41656320,
        41656320,
        41656320,
        41656320,
        41656320,
        41656320,
        41656320,
        41656320,
        41656320,
        41656320,
        41656320,
        41656320,
        41656320,
        41656320,
        41656320
      ],
      "exit_codes": [
        0,
        0,
        0,
        0,
        0,
        0,
        0,
        0,
        0,
        0,
        0,
        0,
        0,
        0,
        0,
        0,
        0,
        0,
        0,
        0,
        0,
        0,
        0,
        0,
        0,
        0,
        0,
        0,
        0,
        0,
        0,
        0,
        0,
        0,
        0,
        0,
        0,
        0
      ]
    },
    {
      "command": "./bin/oxc_typescript",
      "mean": 0.0775305818863158,
      "stddev": 0.0010716706155527787,
      "median": 0.07730178636000001,
      "user": 0.05497135894736841,
      "system": 0.02249312421052632,
      "min": 0.07626883486,
      "max": 0.08207540486,
      "times": [
        0.07666229286,
        0.07653626686,
        0.07626883486,
        0.07631243586,
        0.07761584886,
        0.07731266186,
        0.07675134686,
        0.07719856686,
        0.07762333386,
        0.07802810186,
        0.07732201886,
        0.07729091086,
        0.07720670186,
        0.07754466586,
        0.07718649486,
        0.07699536686,
        0.07753864986,
        0.07704811386,
        0.07768659086,
        0.07696674286,
        0.07771162885999999,
        0.07750863686,
        0.07794181186,
        0.07710580286,
        0.07716722886,
        0.08083880786,
        0.07860638586,
        0.08207540486,
        0.07784964486,
        0.07744375686,
        0.07851914086,
        0.07737605886,
        0.07683118886,
        0.07715199986,
        0.07714722086,
        0.07746614786,
        0.07705281286,
        0.07727248486
      ],
      "memory_usage_byte": [
        55431168,
        55431168,
        55431168,
        55431168,
        55431168,
        55431168,
        55431168,
        55431168,
        55431168,
        55431168,
        55431168,
        55431168,
        55431168,
        55431168,
        55431168,
        55431168,
        55431168,
        55431168,
        55431168,
        55431168,
        55431168,
        55431168,
        55431168,
        55431168,
        55431168,
        55431168,
        55431168,
        55431168,
        55431168,
        55431168,
        55431168,
        55431168,
        55431168,
        55431168,
        55431168,
        55431168,
        55431168,
        55431168
      ],
      "exit_codes": [
        0,
        0,
        0,
        0,
        0,
        0,
        0,
        0,
        0,
        0,
        0,
        0,
        0,
        0,
        0,
        0,
        0,
        0,
        0,
        0,
        0,
        0,
        0,
        0,
        0,
        0,
        0,
        0,
        0,
        0,
        0,
        0,
        0,
        0,
        0,
        0,
        0,
        0
      ]
    },
    {
      "command": "./bin/swc_typescript",
      "mean": 0.16798484615411768,
      "stddev": 0.0017670025720243664,
      "median": 0.16809453786000003,
      "user": 0.12438369176470587,
      "system": 0.043530910588235286,
      "min": 0.16568005786,
      "max": 0.17200892586000002,
      "times": [
        0.17147765986000002,
        0.16809453786000003,
        0.17200892586000002,
        0.16800672286,
        0.16827737986000002,
        0.16827336186000003,
        0.16817057286,
        0.16751477186000002,
        0.16896564786,
        0.16870254286000003,
        0.16638284586000002,
        0.16633988286,
        0.16568005786,
        0.16622319986000003,
        0.16570681986000002,
        0.16733766886,
        0.16857978586000003
      ],
      "memory_usage_byte": [
        94072832,
        94072832,
        94072832,
        94072832,
        94072832,
        94072832,
        94072832,
        94072832,
        94072832,
        94072832,
        94072832,
        94072832,
        94072832,
        94072832,
        94072832,
        94072832,
        94072832
      ],
      "exit_codes": [
        0,
        0,
        0,
        0,
        0,
        0,
        0,
        0,
        0,
        0,
        0,
        0,
        0,
        0,
        0,
        0,
        0
      ]
    },
    {
      "command": "./bin/jam_typescript",
      "mean": 0.20039259678857144,
      "stddev": 0.001050509539939655,
      "median": 0.20035013986000003,
      "user": 0.11088135142857139,
      "system": 0.08941108285714287,
      "min": 0.19885186586000003,
      "max": 0.20206465686000002,
      "times": [
        0.20206465686000002,
        0.20155229786000003,
        0.20165568686000002,
        0.19983728986000002,
        0.19886470986000002,
        0.19946125586000002,
        0.19885186586000003,
        0.20051265286000003,
        0.20015681786000003,
        0.20084210086,
        0.20018762686000002,
        0.19925819486000002,
        0.20128489286,
        0.20096630586000003
      ],
      "memory_usage_byte": [
        195133440,
        195133440,
        195133440,
        195133440,
        195133440,
        195133440,
        195133440,
        195133440,
        195133440,
        195133440,
        195133440,
        195133440,
        195133440,
        195133440
      ],
      "exit_codes": [
        0,
        0,
        0,
        0,
        0,
        0,
        0,
        0,
        0,
        0,
        0,
        0,
        0,
        0
      ]
    }
  ]
}
