{
  "results": [
    {
      "command": "./bin/yuku_typescript",
      "mean": 0.03140550164051284,
      "stddev": 0.004312342567026133,
      "median": 0.03055383532,
      "user": 0.02751825487179488,
      "system": 0.0025006128205128206,
      "min": 0.02718706482,
      "max": 0.05458035582,
      "times": [
        0.03559110582,
        0.035735272820000004,
        0.034615105820000006,
        0.031546355820000004,
        0.02866506482,
        0.034227147820000005,
        0.034056271820000004,
        0.03646264682000001,
        0.03542935582,
        0.031879021820000006,
        0.032526605820000005,
        0.03253952282000001,
        0.03455952282000001,
        0.033596188820000004,
        0.02966039682,
        0.031377938820000006,
        0.03148131382,
        0.034304939820000005,
        0.03087698082,
        0.02830185582,
        0.02791231382,
        0.03026493882,
        0.02984427282,
        0.031988689820000006,
        0.02899539782,
        0.029054938819999997,
        0.031503980820000006,
        0.05458035582,
        0.031728897820000004,
        0.03073693882,
        0.03235373082,
        0.02902027282,
        0.029520980819999997,
        0.028532688820000002,
        0.02955723082,
        0.02839856482,
        0.02818410582,
        0.02969773082,
        0.030392105819999998,
        0.02807293882,
        0.02878152282,
        0.029656605819999998,
        0.028937271820000002,
        0.02856473082,
        0.028637396819999997,
        0.03058631482,
        0.032598521820000004,
        0.05037739682,
        0.039314980820000005,
        0.02912802282,
        0.03244368982,
        0.033016272820000005,
        0.03340831382000001,
        0.03361993982000001,
        0.032970605820000005,
        0.03245148082,
        0.03276098082000001,
        0.032873064820000006,
        0.029576563820000002,
        0.03281598082000001,
        0.030400397819999998,
        0.032400813820000006,
        0.02864481382,
        0.03183943882,
        0.03198473082,
        0.029830938820000003,
        0.030521355820000002,
        0.028632813820000002,
        0.027874230820000002,
        0.02782281382,
        0.02771648082,
        0.02742748082,
        0.02718706482,
        0.02722464782,
        0.02727768882,
        0.02735931482,
        0.02737289682,
        0.02781785582
      ],
      "memory_usage_byte": [
        42647552,
        42647552,
        42647552,
        42647552,
        42647552,
        42647552,
        42647552,
        42647552,
        42647552,
        42647552,
        42647552,
        42647552,
        42647552,
        42647552,
        42647552,
        42647552,
        42647552,
        42647552,
        42647552,
        42647552,
        42647552,
        42647552,
        42647552,
        42647552,
        42647552,
        42647552,
        42647552,
        42647552,
        42647552,
        42647552,
        42647552,
        42647552,
        42647552,
        42647552,
        42647552,
        42647552,
        42647552,
        42647552,
        42647552,
        42647552,
        42647552,
        42647552,
        42647552,
        42647552,
        42647552,
        42647552,
        42647552,
        42647552,
        42647552,
        42647552,
        42647552,
        42647552,
        42647552,
        42647552,
        42647552,
        42647552,
        42647552,
        42647552,
        42647552,
        42647552,
        42647552,
        42647552,
        42647552,
        42647552,
        42647552,
        42647552,
        42647552,
        42647552,
        42647552,
        42647552,
        42647552,
        42647552,
        42647552,
        42647552,
        42647552,
        42647552,
        42647552,
        42647552
      ],
      "exit_codes": [
        0,
        0,
        0,
        0,
        0,
        0,
        0,
        0,
        0,
        0,
        0,
        0,
        0,
        0,
        0,
        0,
        0,
        0,
        0,
        0,
        0,
        0,
        0,
        0,
        0,
        0,
        0,
        0,
        0,
        0,
        0,
        0,
        0,
        0,
        0,
        0,
        0,
        0,
        0,
        0,
        0,
        0,
        0,
        0,
        0,
        0,
        0,
        0,
        0,
        0,
        0,
        0,
        0,
        0,
        0,
        0,
        0,
        0,
        0,
        0,
        0,
        0,
        0,
        0,
        0,
        0,
        0,
        0,
        0,
        0,
        0,
        0,
        0,
        0,
        0,
        0,
        0,
        0
      ]
    },
    {
      "command": "./bin/oxc_typescript",
      "mean": 0.029494372590114937,
      "stddev": 0.002246648257490778,
      "median": 0.02996439682,
      "user": 0.02544499448275863,
      "system": 0.0033071919540229883,
      "min": 0.02591560582,
      "max": 0.03314060582,
      "times": [
        0.03142923082,
        0.03114131382,
        0.03151068882000001,
        0.03223181382,
        0.03138927282,
        0.02779660582,
        0.03266185582,
        0.03156827282000001,
        0.02779048082,
        0.028931313820000002,
        0.031830814820000004,
        0.031179730819999998,
        0.03121443882,
        0.030782397819999998,
        0.03247535582,
        0.030725188820000002,
        0.02776523082,
        0.031008063819999997,
        0.03076731482,
        0.03167481482,
        0.031013522820000004,
        0.02853306482,
        0.03143360582,
        0.02798931382,
        0.03179543882,
        0.03148335582,
        0.03130623082,
        0.03144831482,
        0.03112677282,
        0.03183010582,
        0.031467188820000006,
        0.03125418882,
        0.031413521820000005,
        0.028998730820000002,
        0.032219021820000006,
        0.03190431482,
        0.02897364782,
        0.02751243882,
        0.03150448082000001,
        0.031770938820000004,
        0.03242560582,
        0.031116730819999997,
        0.03301585582,
        0.02788423082,
        0.031613980820000005,
        0.031475772820000004,
        0.02938706382,
        0.02764389682,
        0.02702860582,
        0.02684448082,
        0.028698313819999998,
        0.02892414782,
        0.02854443982,
        0.02971306482,
        0.02751389782,
        0.02685756382,
        0.02655010582,
        0.02635652282,
        0.02636127182,
        0.02604614682,
        0.02620218982,
        0.02606423082,
        0.02622460582,
        0.02617868982,
        0.02591560582,
        0.02609398082,
        0.02595543982,
        0.02602502282,
        0.02599768882,
        0.02612060582,
        0.02677402282,
        0.03314060582,
        0.03070660582,
        0.02778077182,
        0.02718593882,
        0.02707614682,
        0.02829114782,
        0.027548230820000002,
        0.02671652282,
        0.029690605820000004,
        0.02996439682,
        0.032022397820000006,
        0.03115781382,
        0.03095585582,
        0.031222813820000004,
        0.03046823082,
        0.029676147820000002
      ],