{
  "results": [
    {
      "command": "./bin/yuku_typescript",
      "mean": 0.030149201757582435,
      "stddev": 0.00048153399853833055,
      "median": 0.030098834340000002,
      "user": 0.027545510109890117,
      "system": 0.002129685274725275,
      "min": 0.02950683534,
      "max": 0.03341829334,
      "times": [
        0.030123168340000003,
        0.030484709340000003,
        0.02986396034,
        0.03022654334,
        0.03001946034,
        0.03030329334,
        0.03033716834,
        0.029963085340000004,
        0.030098834340000002,
        0.030315293340000004,
        0.03046166834,
        0.030443460340000002,
        0.030991960340000003,
        0.030875460340000004,
        0.030171584339999998,
        0.030252543340000004,
        0.03021433434,
        0.03010333434,
        0.030134585340000002,
        0.02995516834,
        0.029956168340000002,
        0.03048245934,
        0.03015362634,
        0.02993758534,
        0.030372418340000002,
        0.02995750134,
        0.032027293340000006,
        0.03341829334,
        0.030199168340000002,
        0.030079293340000004,
        0.03016454334,
        0.03002391834,
        0.03039504334,
        0.030459209339999998,
        0.030356835340000003,
        0.02964679334,
        0.03027621034,
        0.029695501340000003,
        0.02992175234,
        0.030005209340000002,
        0.029991627340000004,
        0.03002596034,
        0.03009396034,
        0.02976012734,
        0.030227960340000002,
        0.029586251339999998,
        0.02978016834,
        0.030187210340000003,
        0.030340459340000004,
        0.02978504334,
        0.030106335340000002,
        0.029920002339999998,
        0.029799959340000005,
        0.03013058534,
        0.030140001340000003,
        0.02994979334,
        0.03032058434,
        0.02997408534,
        0.02982212634,
        0.030057793340000003,
        0.03009421034,
        0.029744210340000004,
        0.029980751340000004,
        0.029628251339999998,
        0.029589126340000004,
        0.030028751340000003,
        0.03032066834,
        0.03012350134,
        0.029692585340000004,
        0.02974075134,
        0.03002083534,
        0.03004466834,
        0.029908127340000003,
        0.03018366834,
        0.029643377340000002,
        0.02950683534,
        0.029796126340000003,
        0.02988150134,
        0.03050066834,
        0.030057793340000003,
        0.030320251340000003,
        0.030239293340000004,
        0.03039533534,
        0.03005587734,
        0.02994929334,
        0.03014191834,
        0.030140251340000004,
        0.03039166834,
        0.030418001340000004,
        0.03009946034,
        0.03007112634
      ],
      "exit_codes": [
        0,
        0,
        0,
        0,
        0,
        0,
        0,
        0,
        0,
        0,
        0,
        0,
        0,
        0,
        0,
        0,
        0,
        0,
        0,
        0,
        0,
        0,
        0,
        0,
        0,
        0,
        0,
        0,
        0,
        0,
        0,
        0,
        0,
        0,
        0,
        0,
        0,
        0,
        0,
        0,
        0,
        0,
        0,
        0,
        0,
        0,
        0,
        0,
        0,
        0,
        0,
        0,
        0,
        0,
        0,
        0,
        0,
        0,
        0,
        0,
        0,
        0,
        0,
        0,
        0,
        0,
        0,
        0,
        0,
        0,
        0,
        0,
        0,
        0,
        0,
        0,
        0,
        0,
        0,
        0,
        0,
        0,
        0,
        0,
        0,
        0,
        0,
        0,
        0,
        0,
        0
      ]
    },
    {
      "command": "./bin/oxc_typescript",
      "mean": 0.02868143669789473,
      "stddev": 0.00022931138844230707,
      "median": 0.028657835340000003,
      "user": 0.025091798947368422,
      "system": 0.002906012631578948,
      "min": 0.028148793340000002,
      "max": 0.029351626340000003,
      "times": [
        0.02864391834,
        0.028693168340000002,
        0.029087626340000002,
        0.02911566834,
        0.028661793340000002,
        0.02898525134,
        0.028929585340000005,
        0.02871133534,
        0.029351626340000003,
        0.02854187634,
        0.028834668340000005,
        0.02895075134,
        0.02888016834,
        0.029187376339999998,
        0.029153918339999998,
        0.028482709340000002,
        0.028939710340000004,
        0.02889166834,
        0.028712251339999998,
        0.028704751340000004,
        0.028491376340000003,
        0.028668710340000004,
        0.02849829334,
        0.02844629334,
        0.02863337634,
        0.028492668340000003,
        0.02858462634,
        0.02836900134,
        0.028560126340000002,
        0.028657835340000003,
        0.028606251340000003,
        0.02849221034,
        0.028689418339999998,
        0.02861029334,
        0.028916460340000002,
        0.028290251340000003,
        0.02842091834,
        0.028352752340000002,
        0.02847796034,
        0.028670085340000002,
        0.028833918340000004,
        0.02840533534,
        0.028795293340000003,
        0.02842570934,
        0.02836008534,
        0.028749668340000003,
        0.028917751340000002,
        0.028148793340000002,
        0.028671543340000005,
        0.02882166834,
        0.02860458434,
        0.02884262634,
        0.02851750134,
        0.028548293340000003,
        0.02857991834,
        0.028358084340000003,
        0.02871479334,
        0.028760334340000002,
        0.028564501340000003,
        0.028514460340000002,
        0.02837033534,
        0.02857908434,
        0.02879150234,
        0.02845125134,
        0.028664376340000002,
        0.02854137734,
        0.02882629334,
        0.02898920934,
        0.028568335340000004,
        0.02859004334,
        0.02889679334,
        0.028971418340000003,
        0.028640960340000004,
        0.02844500234,
        0.02852475234,
        0.02875937634,
        0.029000210340000002,
        0.028412043340000002,
        0.029002752340000004,
        0.028561043339999998,
        0.02847187634,
        0.028507585340000002,
        0.02851466834,
        0.02840900134,
        0.02890662634,
        0.028675959339999998,
        0.02898416834,
        0.029157626340000003,
        0.028835251340000003,
        0.02849858434,
        0.028583418340000003,
        0.02891991834,
        0.02885404334,
        0.02873937634,
        0.028568626340000004
      ],
      "exit_codes": [
        0,
        0,
        0,
        0,
        0,
        0,
        0,
        0,
        0,
        0,
        0,
        0,
        0,
        0,
        0,
        0,
        0,
        0,
        0,
        0,
        0,
        0,
        0,
        0,
        0,
        0,
        0,
        0,
        0,
        0,
        0,
        0,
        0,
        0,
        0,
        0,
        0,
        0,
        0,
        0,
        0,
        0,
        0,
        0,
        0,
        0,
        0,
        0,
        0,
        0,
        0,
        0,
        0,
        0,
        0,
        0,
        0,
        0,
        0,
        0,
        0,
        0,
        0,
        0,
        0,
        0,
        0,
        0,
        0,
        0,
        0,
        0,
        0,
        0,
        0,
        0,
        0,
        0,
        0,
        0,
        0,
        0,
        0,
        0,
        0,
        0,
        0,
        0,
        0,
        0,
        0,
        0,
        0,
        0,
        0
      ]
    },
    {
      "command": "./bin/swc_typescript",
      "mean": 0.05714854423999999,
      "stddev": 0.00032796929627212755,
      "median": 0.05720520984000001,
      "user": 0.050388020000000006,
      "system": 0.005698820000000001,
      "min": 0.056286418340000005,