{
  "results": [
    {
      "command": "./bin/yuku_typescript",
      "mean": 0.030914385018901095,
      "stddev": 0.006320692772693566,
      "median": 0.02974239292,
      "user": 0.027515105934065927,
      "system": 0.0021432459340659333,
      "min": 0.02946647592,
      "max": 0.07557064292,
      "times": [
        0.029646726920000005,
        0.029666225920000004,
        0.02971201792,
        0.02971876792,
        0.02967230992,
        0.029905101920000003,
        0.02975897692,
        0.03080360192,
        0.029606518920000005,
        0.029475559920000005,
        0.029689809920000004,
        0.029797517920000002,
        0.029635684920000002,
        0.029521517920000004,
        0.029626601920000002,
        0.030107892920000004,
        0.030095226920000002,
        0.03041197692,
        0.02995918492,
        0.02954597692,
        0.02979710192,
        0.02962639292,
        0.02964276892,
        0.02972214292,
        0.029664934920000004,
        0.02953197692,
        0.02953955992,
        0.029724100920000003,
        0.02978364292,
        0.03028205992,
        0.03035389292,
        0.02982614392,
        0.029827518920000004,
        0.02996097692,
        0.029586642920000003,
        0.02957476792,
        0.029573892920000004,
        0.02973793492,
        0.029761143920000004,
        0.02962047592,
        0.02990576892,
        0.030314059920000004,
        0.03043214392,
        0.030237267920000005,
        0.02970480992,
        0.029600851920000004,
        0.02968372692,
        0.029831976920000003,
        0.029815559920000005,
        0.02956214292,
        0.02984064292,
        0.029537393920000002,
        0.02970139392,
        0.029651975920000004,
        0.029589267920000002,
        0.029726725920000002,
        0.07557064292,
        0.03081601792,
        0.030254976920000003,
        0.030108142920000004,
        0.03036197692,
        0.03026364292,
        0.02975847592,
        0.029835059920000004,
        0.029663643920000003,
        0.03061768492,
        0.03025822592,
        0.03003960092,
        0.029719976920000002,
        0.029675642920000002,
        0.029763809920000002,
        0.029676142920000002,
        0.030254143920000004,
        0.03066905992,
        0.03027060192,
        0.029950976920000004,
        0.03013501892,
        0.03012230992,
        0.029701225920000004,
        0.02956655992,
        0.029499475920000004,
        0.02974239292,
        0.02946647592,
        0.02971672692,
        0.029551642920000003,
        0.029548559920000002,
        0.02955305992,
        0.03008835192,
        0.06839851892,
        0.04036535192,
        0.031593934920000004
      ],
      "exit_codes": [
        0,
        0,
        0,
        0,
        0,
        0,
        0,
        0,
        0,
        0,
        0,
        0,
        0,
        0,
        0,
        0,
        0,
        0,
        0,
        0,
        0,
        0,
        0,
        0,
        0,
        0,
        0,
        0,
        0,
        0,
        0,
        0,
        0,
        0,
        0,
        0,
        0,
        0,
        0,
        0,
        0,
        0,
        0,
        0,
        0,
        0,
        0,
        0,
        0,
        0,
        0,
        0,
        0,
        0,
        0,
        0,
        0,
        0,
        0,
        0,
        0,
        0,
        0,
        0,
        0,
        0,
        0,
        0,
        0,
        0,
        0,
        0,
        0,
        0,
        0,
        0,
        0,
        0,
        0,
        0,
        0,
        0,
        0,
        0,
        0,
        0,
        0,
        0,
        0,
        0,
        0
      ]
    },
    {
      "command": "./bin/oxc_typescript",
      "mean": 0.029262608225263154,
      "stddev": 0.005291583871961837,
      "median": 0.028529726920000005,
      "user": 0.0252361242105263,
      "system": 0.002949401052631579,
      "min": 0.028131350920000003,
      "max": 0.08004872692,
      "times": [
        0.028446518920000004,
        0.028525142920000003,
        0.028578267920000004,
        0.028328018920000003,
        0.02869143492,
        0.02869226792,
        0.028502100920000002,
        0.08004872692,
        0.02937205992,
        0.03001910192,
        0.029243726920000004,
        0.028818934920000004,
        0.02859714392,
        0.028294850920000003,
        0.028287768920000005,
        0.02839843492,
        0.02927272692,
        0.03014118492,
        0.028611184920000005,
        0.028598768920000003,
        0.02851247692,
        0.02852389392,
        0.028501517920000004,
        0.028400892920000004,
        0.02852268492,
        0.028385059920000004,
        0.028331350920000005,
        0.028383017920000003,
        0.028238309920000003,
        0.02820364392,
        0.028523351920000002,
        0.028259601920000002,
        0.028391350920000002,
        0.028772017920000004,
        0.02874226892,
        0.028736768920000003,
        0.028548434920000004,
        0.028529726920000005,
        0.028422143920000004,
        0.028550809920000003,
        0.028766768920000005,
        0.028386434920000002,
        0.028404267920000004,
        0.02868447692,
        0.02821126792,
        0.028330101920000003,
        0.02835410192,
        0.028488601920000002,
        0.028995309920000004,
        0.028766601920000003,
        0.028238975920000003,
        0.02828843492,
        0.029029309920000003,
        0.02965551892,
        0.030971268920000003,
        0.03010960092,
        0.02993972692,
        0.02929810092,
        0.030112101920000002,
        0.029481392920000002,
        0.029164392920000004,
        0.029092559920000004,
        0.029345684920000004,
        0.029489392920000003,
        0.02942410192,
        0.02892805992,
        0.028895517920000002,
        0.02875918492,
        0.028399643920000002,
        0.028502351920000002,
        0.02849955992,
        0.02828043492,
        0.028500684920000005,
        0.028131350920000003,
        0.028575226920000002,
        0.028294518920000004,
        0.028519725920000003,
        0.028363601920000002,
        0.028170101920000003,
        0.02839251892,
        0.02868222592,
        0.028572768919999998,
        0.02828168492,
        0.028827809920000003,
        0.02847705992,
        0.028561976920000003,
        0.029094350920000005,
        0.028842809920000004,
        0.02879414292,
        0.02835414292,
        0.02835776892,
        0.028745809920000004,
        0.028369517920000004,
        0.028472267920000002,
        0.02832476792
      ],
      "exit_codes": [
        0,
        0,
        0,
        0,
        0,
        0,
        0,
        0,
        0,
        0,
        0,
        0,
        0,
        0,
        0,
        0,
        0,
        0,
        0,
        0,
        0,
        0,
        0,
        0,
        0,
        0,
        0,
        0,
        0,
        0,
        0,
        0,
        0,
        0,
        0,
        0,
        0,
        0,
        0,
        0,
        0,
        0,
        0,
        0,
        0,
        0,
        0,
        0,
        0,
        0,
        0,
        0,
        0,
        0,
        0,
        0,
        0,
        0,
        0,
        0,
        0,
        0,
        0,
        0,
        0,
        0,
        0,
        0,
        0,
        0,
        0,
        0,
        0,
        0,
        0,
        0,
        0,
        0,
        0,
        0,
        0,
        0,
        0,
        0,
        0,
        0,
        0,
        0,
        0,
        0,
        0,
        0,
        0,
        0,
        0
      ]
    },
    {
      "command": "./bin/swc_typescript",
      "mean": 0.05708151051183672,
      "stddev": 0.0004573991383721441,
      "median": 0.056987600920000006,
      "user": 0.0501859175510204,
      "system": 0.005877424897959183,