{
  "results": [
    {
      "command": "./bin/yuku_typescript",
      "mean": 0.028796038711914895,
      "stddev": 0.0037446759131501486,
      "median": 0.02756585168,
      "user": 0.025692147234042548,
      "system": 0.002178111914893617,
      "min": 0.02604605968,
      "max": 0.05050189368000001,
      "times": [
        0.02830218468,
        0.030395643679999997,
        0.02777330968,
        0.029391559680000002,
        0.05050189368000001,
        0.027153809679999998,
        0.02667889268,
        0.02647851868,
        0.02652443468,
        0.028759976679999997,
        0.02783601868,
        0.028319060679999997,
        0.035214601680000006,
        0.02991755968,
        0.02972697668,
        0.027737601679999998,
        0.02719105968,
        0.02728430968,
        0.02683005968,
        0.02930347668,
        0.027472434679999998,
        0.027026476679999998,
        0.026912893679999998,
        0.02658193468,
        0.028393310680000002,
        0.029674976679999996,
        0.02744106068,
        0.026876060679999998,
        0.027115559679999998,
        0.02623339268,
        0.02643951868,
        0.02837893468,
        0.034255310680000005,
        0.02703355968,
        0.02683601868,
        0.02676276768,
        0.02823572668,
        0.02684189368,
        0.02672222668,
        0.02649339268,
        0.03027476768,
        0.03314980968,
        0.02736589368,
        0.02781714368,
        0.028095310680000003,
        0.02725101868,
        0.02913168568,
        0.028788559680000003,
        0.028562810679999998,
        0.02779585168,
        0.027572018679999998,
        0.02951743568,
        0.028671559679999997,
        0.02707210168,
        0.02684555968,
        0.02677601768,
        0.026236017679999998,
        0.02901093568,
        0.02785064368,
        0.02745739368,
        0.02705360168,
        0.02682243468,
        0.026540476679999998,
        0.02604605968,
        0.04104689368,
        0.02877360168,
        0.02754314268,
        0.02733722668,
        0.02756668468,
        0.03417380968,
        0.02786880968,
        0.027304101679999998,
        0.02689210168,
        0.027950601679999996,
        0.03672105968,
        0.028073809680000002,
        0.02745005968,
        0.02679855968,
        0.02941139268,
        0.041875601680000006,
        0.02756501868,
        0.02807026768,
        0.02824035168,
        0.02752055968,
        0.026703851679999998,
        0.037090976680000005,
        0.02720556068,
        0.02690701868,
        0.02704651868,
        0.026634226679999998,
        0.037204601680000005,
        0.02730239368,
        0.02825772668,
        0.02953760168
      ],
      "memory_usage_byte": [
        42532864,
        42532864,
        42532864,
        42532864,
        42532864,
        42532864,
        42532864,
        42532864,
        42532864,
        42532864,
        42532864,
        42532864,
        42532864,
        42532864,
        42532864,
        42532864,
        42532864,
        42532864,
        42532864,
        42532864,
        42532864,
        42532864,
        42532864,
        42532864,
        42532864,
        42532864,
        42532864,
        42532864,
        42532864,
        42532864,
        42532864,
        42532864,
        42532864,
        42532864,
        42532864,
        42532864,
        42532864,
        42532864,
        42532864,
        42532864,
        42532864,
        42532864,
        42532864,
        42532864,
        42532864,
        42532864,
        42532864,
        42532864,
        42532864,
        42532864,
        42532864,
        42532864,
        42532864,
        42532864,
        42532864,
        42532864,
        42532864,
        42532864,
        42532864,
        42532864,
        42532864,
        42532864,
        42532864,
        42532864,
        42532864,
        42532864,
        42532864,
        42532864,
        42532864,
        42532864,
        42532864,
        42532864,
        42532864,
        42532864,
        42532864,
        42532864,
        42532864,
        42532864,
        42532864,
        42532864,
        42532864,
        42532864,
        42532864,
        42532864,
        42532864,
        42532864,
        42532864,
        42532864,
        42532864,
        42532864,
        42532864,
        42532864,
        42532864,
        42532864
      ],
      "exit_codes": [
        0,
        0,
        0,
        0,
        0,
        0,
        0,
        0,
        0,
        0,
        0,
        0,
        0,
        0,
        0,
        0,
        0,
        0,
        0,
        0,
        0,
        0,
        0,
        0,
        0,
        0,
        0,
        0,
        0,
        0,
        0,
        0,
        0,
        0,
        0,
        0,
        0,
        0,
        0,
        0,
        0,
        0,
        0,
        0,
        0,
        0,
        0,
        0,
        0,
        0,
        0,
        0,
        0,
        0,
        0,
        0,
        0,
        0,
        0,
        0,
        0,
        0,
        0,
        0,
        0,
        0,
        0,
        0,
        0,
        0,
        0,
        0,
        0,
        0,
        0,
        0,
        0,
        0,
        0,
        0,
        0,
        0,
        0,
        0,
        0,
        0,
        0,
        0,
        0,
        0,
        0,
        0,
        0,
        0
      ]
    },
    {
      "command": "./bin/oxc_typescript",
      "mean": 0.0283195595065306,
      "stddev": 0.005350742808068558,
      "median": 0.02641460168,
      "user": 0.023903023265306123,
      "system": 0.0029472738775510204,
      "min": 0.02505360168,
      "max": 0.058768268680000006,